context_3,context_2,context_1,response
,,,For now biggest pornstars are in the west!!â€¼ï¸
,,For now biggest pornstars are in the west!!â€¼ï¸,
,For now biggest pornstars are in the west!!â€¼ï¸,,How rude!!
,,,ğŸ˜‚ğŸ˜Œâ¤ï¸
,,ğŸ˜‚ğŸ˜Œâ¤ï¸,
,ğŸ˜‚ğŸ˜Œâ¤ï¸,,
ğŸ˜‚ğŸ˜Œâ¤ï¸,,,
,,,
,,,My Pishi
,,My Pishi,Yes chick
,My Pishi,Yes chick,"Hm I've a question in Grammar
I couldn't find"
My Pishi,Yes chick,"Hm I've a question in Grammar
I couldn't find",What is it?
Yes chick,"Hm I've a question in Grammar
I couldn't find",What is it?,"Which verbs can't be used in present continuous
Or I remember a group of verbs ğŸ˜‘I forgot that nameğŸ« "
,,,ğŸ«¡ğŸ«¡ğŸ«¡
,,ğŸ«¡ğŸ«¡ğŸ«¡,Hi
,,,"Hi Mr thinker, why are you polite?"
,,"Hi Mr thinker, why are you polite?",
,"Hi Mr thinker, why are you polite?",,"Sorry I couldn't understand, with what?"
"Hi Mr thinker, why are you polite?",,"Sorry I couldn't understand, with what?",because I don't speak to anyone except to reasoning
,,,Hii
,,,ğŸ¤£ğŸ¤£ this one is good
,,ğŸ¤£ğŸ¤£ this one is good,Are you oky?.
,ğŸ¤£ğŸ¤£ this one is good,Are you oky?.,Do you know me sir? ğŸ˜ğŸ¤”
ğŸ¤£ğŸ¤£ this one is good,Are you oky?.,Do you know me sir? ğŸ˜ğŸ¤”,What is the reason for your behavior?.
Are you oky?.,Do you know me sir? ğŸ˜ğŸ¤”,What is the reason for your behavior?.,Have you ever observed your behaviour? anbe ğŸ˜
,,,Hi
,,Hi,Hello
,Hi,Hello,How r u?
Hi,Hello,How r u?,Hello
Hello,How r u?,Hello,Hi
,,,"Supreme Leader of Iran (Ali Khamenei) is the only political leader in the world who has never dared to have an interview or a press conference in his career as the leader. 

35 years of leadership, zero interview. Why?"
,,"Supreme Leader of Iran (Ali Khamenei) is the only political leader in the world who has never dared to have an interview or a press conference in his career as the leader. 

35 years of leadership, zero interview. Why?","Altheagh i don't see any reason that defend to man of not innecent,

but

shal i ask you a question?

If he will set up the meeting, Are u ready criticize him?
No!

whay?
beacuase we have blieved that in case of criticizim him, we will be killed!

For several time, He set up public meetings but no one dared to cricizim him! just for a lie!!"
,"Supreme Leader of Iran (Ali Khamenei) is the only political leader in the world who has never dared to have an interview or a press conference in his career as the leader. 

35 years of leadership, zero interview. Why?","Altheagh i don't see any reason that defend to man of not innecent,

but

shal i ask you a question?

If he will set up the meeting, Are u ready criticize him?
No!

whay?
beacuase we have blieved that in case of criticizim him, we will be killed!

For several time, He set up public meetings but no one dared to cricizim him! just for a lie!!","So, are you claiming he doesn't want an interview because he had tried to do so in the past and no journalist took him seriously to join the interview and he got offended?

What public meetings do you mean? I don't think you speak seriously."
,,,"It's enough for today
goodbye"
,,"It's enough for today
goodbye","Learn from Mr thinker, he only speak to anyone except to reasoning
What's up
Are you graphist?"
,"It's enough for today
goodbye","Learn from Mr thinker, he only speak to anyone except to reasoning
What's up
Are you graphist?",No way
,,,Which software?
,,Which software?,Matlab.
,Which software?,Matlab.,I didn't ask you.
,,,Because he's powerful.
,,Because he's powerful.,"No, he's afraid of questions. He's running away from journalists, he's always been. Cowardice is not power."
,Because he's powerful.,"No, he's afraid of questions. He's running away from journalists, he's always been. Cowardice is not power.","if someone interviews him 
it'll be something like ahmadinejad ğŸ˜‚"
Because he's powerful.,"No, he's afraid of questions. He's running away from journalists, he's always been. Cowardice is not power.","if someone interviews him 
it'll be something like ahmadinejad ğŸ˜‚",Khomeini also didn't do any interview after he was appointed as the leader (after a short time). They consider themselves as gods. Gods have no responsibility to answer to people about their acts.
"No, he's afraid of questions. He's running away from journalists, he's always been. Cowardice is not power.","if someone interviews him 
it'll be something like ahmadinejad ğŸ˜‚",Khomeini also didn't do any interview after he was appointed as the leader (after a short time). They consider themselves as gods. Gods have no responsibility to answer to people about their acts.,"uknow the thing is 
the more i watch tv and it's programs or their whatever questioning they do in mosques,
the more i suspect that everything like EVERYTHING is fabricated"
"if someone interviews him 
it'll be something like ahmadinejad ğŸ˜‚",Khomeini also didn't do any interview after he was appointed as the leader (after a short time). They consider themselves as gods. Gods have no responsibility to answer to people about their acts.,"uknow the thing is 
the more i watch tv and it's programs or their whatever questioning they do in mosques,
the more i suspect that everything like EVERYTHING is fabricated",Uhum. They lie and fabricate easily.
,,,Obey him.
,,Obey him.,I don't obey coward leaders.
,,,Nice. Not Aftereffect?
,,Nice. Not Aftereffect?,Where did you study?
,,,A.I you mean?
,,A.I you mean?,After effect
,,,Good luck. Is it more advanced?
,,Good luck. Is it more advanced?,Hello everyone
,Good luck. Is it more advanced?,Hello everyone,Sjad zhozhooo
,,,What adjective can I use for Soheil
,,What adjective can I use for Soheil,They/them
,What adjective can I use for Soheil,They/them,"What 
They aren't adjective"
What adjective can I use for Soheil,They/them,"What 
They aren't adjective",Aye.
They/them,"What 
They aren't adjective",Aye.,"I chose 
nutcracker"
"What 
They aren't adjective",Aye.,"I chose 
nutcracker",Why? Is there a title for others too?
Aye.,"I chose 
nutcracker",Why? Is there a title for others too?,"Hm 
Idk 
As I like"
,,,What uses it has? Because someone offered me an AE job. But I said I am a web developer and I am not familiar with it. I am just wondering what kind of job it is.
,,,"Ahan, thanks."
,,"Ahan, thanks.",You don't say ahan to a lady
,"Ahan, thanks.",You don't say ahan to a lady,
,,,It is used in architecture and urban design too
,,It is used in architecture and urban design too,"and the stories  omg
like my dad sometimes wants us to see him as a ruler figure
and he'll say craps like yea he knew whole of Quran when he was only 13 and i don't even remember the rest of it cause idc
oh shit rly?"
,,,pronouns to be precise
,,pronouns to be precise,ğŸ˜¸â€Œ
,pronouns to be precise,ğŸ˜¸â€Œ,
pronouns to be precise,ğŸ˜¸â€Œ,,I'm angry with you
ğŸ˜¸â€Œ,,I'm angry with you,don't eat me pls
,I'm angry with you,don't eat me pls,"ğŸ˜‚ğŸ˜Wtf 
Goat"
I'm angry with you,don't eat me pls,"ğŸ˜‚ğŸ˜Wtf 
Goat","idk 
ur scary"
don't eat me pls,"ğŸ˜‚ğŸ˜Wtf 
Goat","idk 
ur scary",That's great
,,,I write code as a web developer.
,,I write code as a web developer.,"heyy 
is there any job that i could get?
rn I'm workin on js and tryina be at a lvl to make some samples with react"
,I write code as a web developer.,"heyy 
is there any job that i could get?
rn I'm workin on js and tryina be at a lvl to make some samples with react","I got a job because I had connections with people in my previous job. Getting first job might be a bit tough. As you have no good resume and for having a good resume you have to get a job first (catch-22 situation).

If you are in a big city it might be easier for you."
I write code as a web developer.,"heyy 
is there any job that i could get?
rn I'm workin on js and tryina be at a lvl to make some samples with react","I got a job because I had connections with people in my previous job. Getting first job might be a bit tough. As you have no good resume and for having a good resume you have to get a job first (catch-22 situation).

If you are in a big city it might be easier for you.","what is catch-22 ?
I'm at ma end of bachelor and i was thinking of one"
"heyy 
is there any job that i could get?
rn I'm workin on js and tryina be at a lvl to make some samples with react","I got a job because I had connections with people in my previous job. Getting first job might be a bit tough. As you have no good resume and for having a good resume you have to get a job first (catch-22 situation).

If you are in a big city it might be easier for you.","what is catch-22 ?
I'm at ma end of bachelor and i was thinking of one",Your field is related to software engneering?
"I got a job because I had connections with people in my previous job. Getting first job might be a bit tough. As you have no good resume and for having a good resume you have to get a job first (catch-22 situation).

If you are in a big city it might be easier for you.","what is catch-22 ?
I'm at ma end of bachelor and i was thinking of one",Your field is related to software engneering?,
"what is catch-22 ?
I'm at ma end of bachelor and i was thinking of one",Your field is related to software engneering?,,You know them at a decent level?
Your field is related to software engneering?,,You know them at a decent level?,
,You know them at a decent level?,,How about Python
You know them at a decent level?,,How about Python,"i know python
but i just know it 
like i used libraries for some Image processing scripts"
,,,I do.
,,I do.,"Saved!
Soghra."
,I do.,"Saved!
Soghra.","cmon soghra
can i call u soghi ? been a while"
,,,"cmon s3
she's feelin blue guys 
lure her out"
,,"cmon s3
she's feelin blue guys 
lure her out",Don't judge her
,"cmon s3
she's feelin blue guys 
lure her out",Don't judge her,"I'm not judging
it was on her bio"
"cmon s3
she's feelin blue guys 
lure her out",Don't judge her,"I'm not judging
it was on her bio","Aaa intelligent
She's in love with colour"
Don't judge her,"I'm not judging
it was on her bio","Aaa intelligent
She's in love with colour",
"I'm not judging
it was on her bio","Aaa intelligent
She's in love with colour",,I didn't know that's about that feeling cuz I read about it in romantic novel orğŸ˜‚ğŸ‘¿
"Aaa intelligent
She's in love with colour",,I didn't know that's about that feeling cuz I read about it in romantic novel orğŸ˜‚ğŸ‘¿,
,I didn't know that's about that feeling cuz I read about it in romantic novel orğŸ˜‚ğŸ‘¿,,"ğŸ˜‚ğŸ˜‚ok silly you said ğŸ˜’
She said sxy voice ğŸ˜‚ğŸ˜‚ it's like Anime vala"
I didn't know that's about that feeling cuz I read about it in romantic novel orğŸ˜‚ğŸ‘¿,,"ğŸ˜‚ğŸ˜‚ok silly you said ğŸ˜’
She said sxy voice ğŸ˜‚ğŸ˜‚ it's like Anime vala",
,"ğŸ˜‚ğŸ˜‚ok silly you said ğŸ˜’
She said sxy voice ğŸ˜‚ğŸ˜‚ it's like Anime vala",,ğŸ˜‚ğŸ˜‚ğŸ˜‚As I say impolite
"ğŸ˜‚ğŸ˜‚ok silly you said ğŸ˜’
She said sxy voice ğŸ˜‚ğŸ˜‚ it's like Anime vala",,ğŸ˜‚ğŸ˜‚ğŸ˜‚As I say impolite,
,ğŸ˜‚ğŸ˜‚ğŸ˜‚As I say impolite,,Attack attack savage I couldn't understand what do you sayğŸ˜‚ğŸ¤£
ğŸ˜‚ğŸ˜‚ğŸ˜‚As I say impolite,,Attack attack savage I couldn't understand what do you sayğŸ˜‚ğŸ¤£,
,Attack attack savage I couldn't understand what do you sayğŸ˜‚ğŸ¤£,,Cuz I couldn't download still I like
Attack attack savage I couldn't understand what do you sayğŸ˜‚ğŸ¤£,,Cuz I couldn't download still I like,
,Cuz I couldn't download still I like,,What's its the name ğŸ˜‚ğŸ¤”
Cuz I couldn't download still I like,,What's its the name ğŸ˜‚ğŸ¤”,"I'm done with u 
bye ğŸ˜‚"
,What's its the name ğŸ˜‚ğŸ¤”,"I'm done with u 
bye ğŸ˜‚","The tunnel of summer The Exit of goodbye
So done ha?
Ok bye"
What's its the name ğŸ˜‚ğŸ¤”,"I'm done with u 
bye ğŸ˜‚","The tunnel of summer The Exit of goodbye
So done ha?
Ok bye",you checked it
"I'm done with u 
bye ğŸ˜‚","The tunnel of summer The Exit of goodbye
So done ha?
Ok bye",you checked it,
,,,Great. You mean UI/UX designer I suppose. Be cool with the developers please. ğŸ˜‚ Most of the designers I've seen weren't.
,,,"the famous laugh 
hru ?"
,,"the famous laugh 
hru ?","Bored af
Not in the mood to chat"
,"the famous laugh 
hru ?","Bored af
Not in the mood to chat",then umm
,,,"damn ğŸ˜
4u s3"
,,,"Aw I missed ur not so sxy voice
Lol"
,,"Aw I missed ur not so sxy voice
Lol",
,"Aw I missed ur not so sxy voice
Lol",,Hmm it can attract teenagers
"Aw I missed ur not so sxy voice
Lol",,Hmm it can attract teenagers,
,,,"Good. React is an excellent choice. I personally love it. But I intend to switch to an backend developer (mostly), because I like it  more. React is for the frontend."
,,"Good. React is an excellent choice. I personally love it. But I intend to switch to an backend developer (mostly), because I like it  more. React is for the frontend.",I'm a full stack developer
,"Good. React is an excellent choice. I personally love it. But I intend to switch to an backend developer (mostly), because I like it  more. React is for the frontend.",I'm a full stack developer,I am a full stack castle builder.
"Good. React is an excellent choice. I personally love it. But I intend to switch to an backend developer (mostly), because I like it  more. React is for the frontend.",I'm a full stack developer,I am a full stack castle builder.,Meow
I'm a full stack developer,I am a full stack castle builder.,Meow,Fallacious Jew
I am a full stack castle builder.,Meow,Fallacious Jew,
Meow,Fallacious Jew,,
,,,Sou ka
,,Sou ka,yep
,,,"Arva,"
,,"Arva,",Yes
,"Arva,",Yes,are you princess
"Arva,",Yes,are you princess,I'm a fairy
Yes,are you princess,I'm a fairy,But u lying in bed and always monitoring this group
are you princess,I'm a fairy,But u lying in bed and always monitoring this group,So what did you mean by that question
I'm a fairy,But u lying in bed and always monitoring this group,So what did you mean by that question,like a princess who doesn't have a real life
But u lying in bed and always monitoring this group,So what did you mean by that question,like a princess who doesn't have a real life,So?
So what did you mean by that question,like a princess who doesn't have a real life,So?,Dont know
like a princess who doesn't have a real life,So?,Dont know,Why you say something that you don't know yourself
So?,Dont know,Why you say something that you don't know yourself,"live, don't be a Hikikomori"
Dont know,Why you say something that you don't know yourself,"live, don't be a Hikikomori",What does it mean
Why you say something that you don't know yourself,"live, don't be a Hikikomori",What does it mean,you can search on Google
"live, don't be a Hikikomori",What does it mean,you can search on Google,Boring
What does it mean,you can search on Google,Boring,"I just want you to enjoy life, don't lie down"
you can search on Google,Boring,"I just want you to enjoy life, don't lie down",I'm enjoying
,,,"i didn't know that either 
rly ?"
,,"i didn't know that either 
rly ?","No, but my dream is to become one day inshallah"
,"i didn't know that either 
rly ?","No, but my dream is to become one day inshallah",inshallah ğŸ˜†
,,,Saved
,,Saved,"it won't stop ...
I've been blue uknow"
,Saved,"it won't stop ...
I've been blue uknow",
Saved,"it won't stop ...
I've been blue uknow",,
,,,ummm
,,,"Blue Hosein
Or 
Pink Hosein,Which's better"
,,"Blue Hosein
Or 
Pink Hosein,Which's better",
,,,ğŸ¥²
,,ğŸ¥²,That will be great. Good for you.
,ğŸ¥²,That will be great. Good for you.,"Leave it
Gooshty Cats"
,,,Where's my friend Juan
,,Where's my friend Juan,"@MrT3l3gr4m
My friend I missed you"
,Where's my friend Juan,"@MrT3l3gr4m
My friend I missed you","Hello Arva, how are you!? Sorry...I was here, but I was not able to talk...lot of work on past days. How are you and your ""fan club""!? ğŸ™„â˜ºï¸"
Where's my friend Juan,"@MrT3l3gr4m
My friend I missed you","Hello Arva, how are you!? Sorry...I was here, but I was not able to talk...lot of work on past days. How are you and your ""fan club""!? ğŸ™„â˜ºï¸","ğŸ˜ğŸ˜ I'm fine thanks
Ok then 
When u have free time please come here"
"@MrT3l3gr4m
My friend I missed you","Hello Arva, how are you!? Sorry...I was here, but I was not able to talk...lot of work on past days. How are you and your ""fan club""!? ğŸ™„â˜ºï¸","ğŸ˜ğŸ˜ I'm fine thanks
Ok then 
When u have free time please come here",thanks! and of course...it's a pleasure to join these conversations! :)
"Hello Arva, how are you!? Sorry...I was here, but I was not able to talk...lot of work on past days. How are you and your ""fan club""!? ğŸ™„â˜ºï¸","ğŸ˜ğŸ˜ I'm fine thanks
Ok then 
When u have free time please come here",thanks! and of course...it's a pleasure to join these conversations! :),â¤ï¸â€Œ
"ğŸ˜ğŸ˜ I'm fine thanks
Ok then 
When u have free time please come here",thanks! and of course...it's a pleasure to join these conversations! :),â¤ï¸â€Œ,Hy friend
thanks! and of course...it's a pleasure to join these conversations! :),â¤ï¸â€Œ,Hy friend,"Hiii 
Hru dear"
â¤ï¸â€Œ,Hy friend,"Hiii 
Hru dear","I'm good, How are you and how was You doing"
Hy friend,"Hiii 
Hru dear","I'm good, How are you and how was You doing","Fine
Good"
"Hiii 
Hru dear","I'm good, How are you and how was You doing","Fine
Good",
,,,Who's Juan lol
,,Who's Juan lol,A kind man ğŸ˜Œ
,Who's Juan lol,A kind man ğŸ˜Œ,Men can't be good frnds tho
Who's Juan lol,A kind man ğŸ˜Œ,Men can't be good frnds tho,He's older kho
A kind man ğŸ˜Œ,Men can't be good frnds tho,He's older kho,Old is not always gold
Men can't be good frnds tho,He's older kho,Old is not always gold,ğŸ˜‚ argument with me ha
He's older kho,Old is not always gold,ğŸ˜‚ argument with me ha,It's been proven
Old is not always gold,ğŸ˜‚ argument with me ha,It's been proven,â˜¹ï¸ğŸ©¶
ğŸ˜‚ argument with me ha,It's been proven,â˜¹ï¸ğŸ©¶,She used to have a sugar daddy
It's been proven,â˜¹ï¸ğŸ©¶,She used to have a sugar daddy,ğŸ˜‚Oh that was you
â˜¹ï¸ğŸ©¶,She used to have a sugar daddy,ğŸ˜‚Oh that was you,I'm just 19
She used to have a sugar daddy,ğŸ˜‚Oh that was you,I'm just 19,119
,,,From Argentina
,,From Argentina,Hello
,,,Prove
,,Prove,Send your address
,,,"I'll post it
I'm hungry"
,,,"You can send pic here 
We'll see your white hair"
,,"You can send pic here 
We'll see your white hair",U haven't seen him?
,"You can send pic here 
We'll see your white hair",U haven't seen him?,I saw him just kidding dgğŸ˜‚
"You can send pic here 
We'll see your white hair",U haven't seen him?,I saw him just kidding dgğŸ˜‚,
U haven't seen him?,I saw him just kidding dgğŸ˜‚,,I like this one
,,Hi,Wow
,,,"I've got white hair too 
That's not a good proof"
,,"I've got white hair too 
That's not a good proof",I had white hairs since I was a teenager
,,,We'll see his face ke enough
,,We'll see his face ke enough,"I don't know
You are die
Thanks"
,We'll see his face ke enough,"I don't know
You are die
Thanks",Soghi
,,,Don't u like formal clothing
,,Don't u like formal clothing,I like it
,,,"Hmm looks good
I'll sew this one dg"
,,"Hmm looks good
I'll sew this one dg",
,,,This one is not good
,,This one is not good,"I like
I remember old movies ğŸ˜‚art"
,This one is not good,"I like
I remember old movies ğŸ˜‚art","Uh oh 
Simple suit with no tie"
This one is not good,"I like
I remember old movies ğŸ˜‚art","Uh oh 
Simple suit with no tie","Tie can be used too
Can't too"
"I like
I remember old movies ğŸ˜‚art","Uh oh 
Simple suit with no tie","Tie can be used too
Can't too","Without tie is more attractive 
With opened buttons"
"Uh oh 
Simple suit with no tie","Tie can be used too
Can't too","Without tie is more attractive 
With opened buttons",And a wine in hand ha?ğŸ˜‚ğŸ˜‚
"Tie can be used too
Can't too","Without tie is more attractive 
With opened buttons",And a wine in hand ha?ğŸ˜‚ğŸ˜‚,
"Without tie is more attractive 
With opened buttons",And a wine in hand ha?ğŸ˜‚ğŸ˜‚,,"Aa I got it 
Like that 
I agree"
And a wine in hand ha?ğŸ˜‚ğŸ˜‚,,"Aa I got it 
Like that 
I agree",Ughh nah
,"Aa I got it 
Like that 
I agree",Ughh nah,"Damon Salvatore 
Wtf ğŸ˜‚ğŸ˜ugh no"
"Aa I got it 
Like that 
I agree",Ughh nah,"Damon Salvatore 
Wtf ğŸ˜‚ğŸ˜ugh no","I mean he's ok 
But
I like this kind of clothing not him"
Ughh nah,"Damon Salvatore 
Wtf ğŸ˜‚ğŸ˜ugh no","I mean he's ok 
But
I like this kind of clothing not him",I understood also
"Damon Salvatore 
Wtf ğŸ˜‚ğŸ˜ugh no","I mean he's ok 
But
I like this kind of clothing not him",I understood also,Yep
,,,I like this one
,,I like this one,Good
,,,Oh oh zeytooni
,,Oh oh zeytooni,
,Oh oh zeytooni,,First set is better
Oh oh zeytooni,,First set is better,
,First set is better,,Nice
First set is better,,Nice,My salighe is great
,Nice,My salighe is great,"Yeah
Mine is better ğŸ˜‚"
,,,diffrent-singer-famous-Classic-songs7.mp3
,,,With hairy chest?
,,With hairy chest?,
,,,What's popping?
,,What's popping?,Time to go
,,,Sjad wear like what she says
,,Sjad wear like what she says,
,,,ğŸ˜‚ğŸ˜‚
,,,"What about yourself
What type do you like to wear"
,,"What about yourself
What type do you like to wear",Where
,"What about yourself
What type do you like to wear",Where,Party and out for walking ğŸ˜‚ğŸ‘€
"What about yourself
What type do you like to wear",Where,Party and out for walking ğŸ˜‚ğŸ‘€,"It depends 
But I prefer simple outfits too
Parties r different tho
U have to know what kind of ppl r invited there"
Where,Party and out for walking ğŸ˜‚ğŸ‘€,"It depends 
But I prefer simple outfits too
Parties r different tho
U have to know what kind of ppl r invited there",I like simple too
Party and out for walking ğŸ˜‚ğŸ‘€,"It depends 
But I prefer simple outfits too
Parties r different tho
U have to know what kind of ppl r invited there",I like simple too,"How old are you 
Cause I used to be different when I was younger"
"It depends 
But I prefer simple outfits too
Parties r different tho
U have to know what kind of ppl r invited there",I like simple too,"How old are you 
Cause I used to be different when I was younger","Soghi
Missed you"
I like simple too,"How old are you 
Cause I used to be different when I was younger","Soghi
Missed you",I haven't
"How old are you 
Cause I used to be different when I was younger","Soghi
Missed you",I haven't,Who are you
"Soghi
Missed you",I haven't,Who are you,Who you saw here few times at least
,,,Or what kind of party it is
,,Or what kind of party it is,Ok good
,,,Hahaha
,,,19
,,19,I'm 23
,19,I'm 23,How is life going?
19,I'm 23,How is life going?,Perfect
I'm 23,How is life going?,Perfect,"Happy to hear that
Have you watched the movie PK?"
How is life going?,Perfect,"Happy to hear that
Have you watched the movie PK?",Nope
Perfect,"Happy to hear that
Have you watched the movie PK?",Nope,"That's an indian movie
About god"
"Happy to hear that
Have you watched the movie PK?",Nope,"That's an indian movie
About god","About God ?
I thought it'd be about an alien"
Nope,"That's an indian movie
About god","About God ?
I thought it'd be about an alien","It is
That alien is looking for god"
"That's an indian movie
About god","About God ?
I thought it'd be about an alien","It is
That alien is looking for god",Aham
,,,ğŸ˜‚ğŸ˜â€Œ
,,ğŸ˜‚ğŸ˜â€Œ,Terrorism is a disease! And Ukrainians have been behaving this way more and more lately
,ğŸ˜‚ğŸ˜â€Œ,Terrorism is a disease! And Ukrainians have been behaving this way more and more lately,Good evening
ğŸ˜‚ğŸ˜â€Œ,Terrorism is a disease! And Ukrainians have been behaving this way more and more lately,Good evening,hi
Terrorism is a disease! And Ukrainians have been behaving this way more and more lately,Good evening,hi,Hahaha
,,,A rejected piece
,,A rejected piece,Ajab
,,,Only if you mean by you which is a good thing
,,Only if you mean by you which is a good thing,
,,,Hello
,,,Don't u remember
,,Don't u remember,No anis?? You mean unais?
,Don't u remember,No anis?? You mean unais?,Bangladesh boy
Don't u remember,No anis?? You mean unais?,Bangladesh boy,"We have broke up long time ago 
I'm married right now and have a kid"
No anis?? You mean unais?,Bangladesh boy,"We have broke up long time ago 
I'm married right now and have a kid","ğŸ˜ğŸ˜
Oh nice to hear that
Well, I was searching him"
Bangladesh boy,"We have broke up long time ago 
I'm married right now and have a kid","ğŸ˜ğŸ˜
Oh nice to hear that
Well, I was searching him",Who are you
,,,Hellooo
,,Hellooo,Hi
,Hellooo,Hi,ğŸ‘‹ğŸ»
Hellooo,Hi,ğŸ‘‹ğŸ»,How are you
Hi,ğŸ‘‹ğŸ»,How are you,19
ğŸ‘‹ğŸ»,How are you,19,I said How are you but ok same
How are you,19,I said How are you but ok same,"Sorry I read your question fast
That's why I said my age instead of my moodğŸ˜‚ğŸ¤¦ğŸ»â€â™€ï¸"
19,I said How are you but ok same,"Sorry I read your question fast
That's why I said my age instead of my moodğŸ˜‚ğŸ¤¦ğŸ»â€â™€ï¸",It's ok ğŸ˜‚calm down
,,,Do you know python?
,,,Why he didn't face the media
,,Why he didn't face the media,Cowardice. Also to maintain his holy godly personality in the eyes of his fanatic worshippers.
,,,Is there a student that studies microbiology in Iran?
,,Is there a student that studies microbiology in Iran?,Do you study that?
,Is there a student that studies microbiology in Iran?,Do you study that?,"No
I just want to know more about this degree"
Is there a student that studies microbiology in Iran?,Do you study that?,"No
I just want to know more about this degree","Aha
Idk much about it
But looks cool"
Do you study that?,"No
I just want to know more about this degree","Aha
Idk much about it
But looks cool",YeahğŸ¤
,,,"Because he's afraid to show his dark reality to media and all over the world
He's a dictator and cruel leader in Iran"
,,"Because he's afraid to show his dark reality to media and all over the world
He's a dictator and cruel leader in Iran","I see
How are you doing"
,,,"With this field, you can work in laboratories and food industries"
,,"With this field, you can work in laboratories and food industries",not to make a whole project
,"With this field, you can work in laboratories and food industries",not to make a whole project,He meant microbiology tho
"With this field, you can work in laboratories and food industries",not to make a whole project,He meant microbiology tho,I should calm down ğŸ¤¦ğŸ»â€â™€ï¸ğŸ˜‚
,,,I shouldn't reply incorrectly to people when I'm anxiousğŸ˜…
,,I shouldn't reply incorrectly to people when I'm anxiousğŸ˜…,"Sorry for that replyingğŸ™ğŸ»
@Fries_lover"
,I shouldn't reply incorrectly to people when I'm anxiousğŸ˜…,"Sorry for that replyingğŸ™ğŸ»
@Fries_lover",What're ur talking about
,,,It's ok
,,,Bt you are Kurdish too
,,Bt you are Kurdish too,YeahğŸ˜
,Bt you are Kurdish too,YeahğŸ˜,Bezhi Miss flower
,,,Where are you from?
,,Where are you from?,North east of Iran
,Where are you from?,North east of Iran,You are kurmanji girl is that right?
Where are you from?,North east of Iran,You are kurmanji girl is that right?,Yes ğŸ˜
North east of Iran,You are kurmanji girl is that right?,Yes ğŸ˜,I'm from Sanandaj
You are kurmanji girl is that right?,Yes ğŸ˜,I'm from Sanandaj,Nice to know you ğŸ¤
Yes ğŸ˜,I'm from Sanandaj,Nice to know you ğŸ¤,
,,,Wow that's greatğŸ˜ğŸ¥°
,,Wow that's greatğŸ˜ğŸ¥°,
,,,Bezhi kcha kurdğŸ¤
,,Bezhi kcha kurdğŸ¤,ğŸ«¶ğŸ’—ğŸ¤
,,,Hi guys
,,Hi guys,What's up bro
,Hi guys,What's up bro,
Hi guys,What's up bro,,Where are you from ?
What's up bro,,Where are you from ?,
,Where are you from ?,,Okay
,,,Excuse me?
,,Excuse me?,I'm just saying how much bootyfool you are ğŸ™ˆğŸ˜³ğŸ™ˆğŸ¦¥
,Excuse me?,I'm just saying how much bootyfool you are ğŸ™ˆğŸ˜³ğŸ™ˆğŸ¦¥,DaymğŸ¥²
Excuse me?,I'm just saying how much bootyfool you are ğŸ™ˆğŸ˜³ğŸ™ˆğŸ¦¥,DaymğŸ¥²,You are my krush ğŸ¦¥ğŸ™ˆ
,,,"Helloo
Im new"
,,,Who is onlÄ±ne
,,Who is onlÄ±ne,How are you othman ?
,,,Ok
,,Ok,Let's talk about the electric vehicles that are evolving nowdays
,,,You are now at 6th
,,You are now at 6th,I will be the 3th again
,,,"Never mind ğŸ‘
Noo ğŸ˜ I'm not interested at all
Mango can you please stop? I'm already tired
I don't want to discuss ğŸ˜
Have you ever listened to me calmly?
Think whatever u want , I'm done with u
Why do you think? this is the biggest problem?
what is a problem? Tell me
I know what u want ğŸ¤£ shut up now"
,,,+18
,,+18,oh my god ğŸ¥¶ğŸ˜
,,,hello guys
,,hello guys,Hlo everyone
,hello guys,Hlo everyone,Hey
hello guys,Hlo everyone,Hey,Hi Everyone!
Hlo everyone,Hey,Hi Everyone!,Hey
Hey,Hi Everyone!,Hey,Where are you from
,,Hi guys,Hi Neha.
,,,Hey
,,Hey,Hello
,,,hi
,,hi,Hi
,hi,Hi,how are you
,,,"I'm fine and 
Nopv
Thanks"
,,"I'm fine and 
Nopv
Thanks",Hi
,"I'm fine and 
Nopv
Thanks",Hi,Hlo
,,,"Fine, they can join again."
,,"Fine, they can join again.",Who do you talk with
,,,"I've never seen this user before.
This command works by reply, username, user ID or text mention.
If you're using it by username and want to teach me who the user is, forward me one of their messages"
,,,Are you feeling cold ğŸ¥¶â„ï¸
,,Are you feeling cold ğŸ¥¶â„ï¸,Yes
,Are you feeling cold ğŸ¥¶â„ï¸,Yes,"I think, You should get married now"
Are you feeling cold ğŸ¥¶â„ï¸,Yes,"I think, You should get married now",
Yes,"I think, You should get married now",,Don't worry I will convince Hosain to marry you
"I think, You should get married now",,Don't worry I will convince Hosain to marry you,He has gf himself ğŸ˜‚
,Don't worry I will convince Hosain to marry you,He has gf himself ğŸ˜‚,ğŸ˜¢ğŸ¥º
,,,what the hell are you trying to do
,,what the hell are you trying to do,How dare you to mock our kings and nobles?
,what the hell are you trying to do,How dare you to mock our kings and nobles?,execute him
what the hell are you trying to do,How dare you to mock our kings and nobles?,execute him,Rip from this side
,,,Everyone asleep?
,,Everyone asleep?,I'm awake
,,,Wants to prove that this land once was valuable.
,,Wants to prove that this land once was valuable.,No
,,,How are you feeling
,,How are you feeling,Feeling awake
,How are you feeling,Feeling awake,Good
,,,Any girl
,,Any girl,"You are Indian, I suspect?"
,Any girl,"You are Indian, I suspect?",ğŸ¤£ğŸ¤£
,,,Yes
,,Yes,Kkk
,Yes,Kkk,Hi
Yes,Kkk,Hi,Hello guys
Kkk,Hi,Hello guys,Hello
,,,Hello ğŸ‘‹
,,Hello ğŸ‘‹,Hru
,Hello ğŸ‘‹,Hru,HruğŸ˜…
Hello ğŸ‘‹,Hru,HruğŸ˜…,Quite well thanks. Wbu?
Hru,HruğŸ˜…,Quite well thanks. Wbu?,"I'm doing well too, thanks for asking!"
HruğŸ˜…,Quite well thanks. Wbu?,"I'm doing well too, thanks for asking!",Yeah you from?
Quite well thanks. Wbu?,"I'm doing well too, thanks for asking!",Yeah you from?,Canada
"I'm doing well too, thanks for asking!",Yeah you from?,Canada,That's why you are.....ğŸ˜„ğŸ˜¶â€ğŸŒ«
Yeah you from?,Canada,That's why you are.....ğŸ˜„ğŸ˜¶â€ğŸŒ«,ğŸ˜…ğŸ˜…whatt
Canada,That's why you are.....ğŸ˜„ğŸ˜¶â€ğŸŒ«,ğŸ˜…ğŸ˜…whatt,You look like Alien in my world ğŸ™ƒğŸ˜…
,,,Good morning guyz
,,Good morning guyz,Hellooo
,,,HELLO
,,HELLO,Hi
,,,how are you
,,how are you,"Good 
You"
,,,Ä±'m good
,,Ä±'m good,Nice
,,,"thanks
where are you from"
,,,Good morning
,,Good morning,good morning
,Good morning,good morning,Hru
,,,ğŸ˜‚you wanna get arrested ?
,,ğŸ˜‚you wanna get arrested ?,
,ğŸ˜‚you wanna get arrested ?,,Sandiskhora are everywhere
ğŸ˜‚you wanna get arrested ?,,Sandiskhora are everywhere,What is sandiskhora
,Sandiskhora are everywhere,What is sandiskhora,"ğŸ¤£some good people in our country
Who eat our blood"
,,,"Be care full divone 
How r u"
,,"Be care full divone 
How r u","My salary payment is delayed, so not very rich right now. How about you?"
,"Be care full divone 
How r u","My salary payment is delayed, so not very rich right now. How about you?","Oooo that's bad I understand you 
I'm good everyday after having a baby soheilğŸ˜ I feel amazing"
"Be care full divone 
How r u","My salary payment is delayed, so not very rich right now. How about you?","Oooo that's bad I understand you 
I'm good everyday after having a baby soheilğŸ˜ I feel amazing",Good. I'm very happy for you...
"My salary payment is delayed, so not very rich right now. How about you?","Oooo that's bad I understand you 
I'm good everyday after having a baby soheilğŸ˜ I feel amazing",Good. I'm very happy for you...,"I wish you the same one day 
When you are ready
Btw I forgot your job 
What u doing"
"Oooo that's bad I understand you 
I'm good everyday after having a baby soheilğŸ˜ I feel amazing",Good. I'm very happy for you...,"I wish you the same one day 
When you are ready
Btw I forgot your job 
What u doing","Yeah, that's best wish. Thanks. 
Web developer."
Good. I'm very happy for you...,"I wish you the same one day 
When you are ready
Btw I forgot your job 
What u doing","Yeah, that's best wish. Thanks. 
Web developer.",You work in a company ?
"I wish you the same one day 
When you are ready
Btw I forgot your job 
What u doing","Yeah, that's best wish. Thanks. 
Web developer.",You work in a company ?,Yes.
"Yeah, that's best wish. Thanks. 
Web developer.",You work in a company ?,Yes.,Which company
You work in a company ?,Yes.,Which company,You wouldn't know it.
,,,ğŸ¥²iran right?
,,ğŸ¥²iran right?,YesğŸ™…â€â™€
,,,Cute baby btw
,,Cute baby btw,Thank u that's nice of u
,Cute baby btw,Thank u that's nice of u,Remotely
,,,"Everywhere is fucked up you know .
Only if you have your own job you can live at least not in a best way but  better"
,,"Everywhere is fucked up you know .
Only if you have your own job you can live at least not in a best way but  better","Yeah, and everything is being fucked up more every day."
,,,"ğŸ¥²
Not a problem"
,,,Is he from LGBTQ+
,,Is he from LGBTQ+,You mean he's gayğŸ˜‚ğŸ¤”
,Is he from LGBTQ+,You mean he's gayğŸ˜‚ğŸ¤”,only gay people can love themselves
,,,Lady Boy ğŸ˜‚
,,Lady Boy ğŸ˜‚,Don't say these to my friend ğŸ˜‚ğŸ˜’
,Lady Boy ğŸ˜‚,Don't say these to my friend ğŸ˜‚ğŸ˜’,Just kidding he is my friend too
Lady Boy ğŸ˜‚,Don't say these to my friend ğŸ˜‚ğŸ˜’,Just kidding he is my friend too,Ok
Don't say these to my friend ğŸ˜‚ğŸ˜’,Just kidding he is my friend too,Ok,Btw how are you arvi
Just kidding he is my friend too,Ok,Btw how are you arvi,I'm fine
Ok,Btw how are you arvi,I'm fine,"Ask me too, how am I?"
Btw how are you arvi,I'm fine,"Ask me too, how am I?",Ik u r fine ğŸ˜‚ğŸ¤·â€â™€
,,,Lgtv
,,Lgtv,Ali Hosain
,,,That's nice.The pleasure is mine
,,That's nice.The pleasure is mine,Good morning ğŸ¤
,That's nice.The pleasure is mine,Good morning ğŸ¤,Which country are you texting?
That's nice.The pleasure is mine,Good morning ğŸ¤,Which country are you texting?,Iran
Good morning ğŸ¤,Which country are you texting?,Iran,Nice to meet you
,,,"Morning...Have a nice day
I don't understand it,can you clear"
,,"Morning...Have a nice day
I don't understand it,can you clear","I m fine, miss rose, i hope you are also doing well"
,"Morning...Have a nice day
I don't understand it,can you clear","I m fine, miss rose, i hope you are also doing well",Hahahahh make it now
,,,"But I want you to care about me, ask me how I am, whether I have eaten or not."
,,"But I want you to care about me, ask me how I am, whether I have eaten or not.",How cute
,"But I want you to care about me, ask me how I am, whether I have eaten or not.",How cute,
,,,"Hi,friendss"
,,"Hi,friendss",Hello
,,Hii,What up
,,,nothing what about you
,,nothing what about you,Where are you from?
,,,Germany
,,Germany,
,,Hi,Hi zahra
,Hi,Hi zahra,Hru sham
,,,"Greetings to all,"
,,"Greetings to all,",Greeting
,"Greetings to all,",Greeting,Howâ€™ve you been?
"Greetings to all,",Greeting,Howâ€™ve you been?,"Not bad
U"
,,,Iâ€™m Fine what about u
,,Iâ€™m Fine what about u,Hi!
,Iâ€™m Fine what about u,Hi!,Hahahaha
Iâ€™m Fine what about u,Hi!,Hahahaha,lolğŸ˜‚
,,,Assalam
,,Assalam,wasalam
,,,where are yâ€˜all from
,,where are yâ€˜all from,"When did mathematics or we just discovered it
ğŸ¥²
Bro needs to rherse his question"
,,,It's a system we came up with in order to comprehend what was already there
,,It's a system we came up with in order to comprehend what was already there,U mean we have invented it?
,It's a system we came up with in order to comprehend what was already there,U mean we have invented it?,I mean we did invent the system that tells us 2+2=4 but the fact that two plus two equals four has always been there. We just discovered it
It's a system we came up with in order to comprehend what was already there,U mean we have invented it?,I mean we did invent the system that tells us 2+2=4 but the fact that two plus two equals four has always been there. We just discovered it,@Fries_lover bro ur dumbass aint prepared for this conversation
U mean we have invented it?,I mean we did invent the system that tells us 2+2=4 but the fact that two plus two equals four has always been there. We just discovered it,@Fries_lover bro ur dumbass aint prepared for this conversation,
I mean we did invent the system that tells us 2+2=4 but the fact that two plus two equals four has always been there. We just discovered it,@Fries_lover bro ur dumbass aint prepared for this conversation,,
@Fries_lover bro ur dumbass aint prepared for this conversation,,,
,,,Ayo
,,Ayo,Hii
,,Hi,Hi love
,,,what nigga
,,what nigga,
,what nigga,,ğŸ˜‚ğŸ˜‚ğŸ˜‚ğŸ˜‚
,,,So in other words we both invented and discovered mathematics
,,So in other words we both invented and discovered mathematics,Hi
,,,Hey ğŸ’ƒğŸ¾
,,Hey ğŸ’ƒğŸ¾,How are you
,,,Sup guys?
,,,Marva
,,Marva,Yes
,,,"I just woke up 
Why"
,,"I just woke up 
Why",Okay
,,,ğŸ˜•ğŸ’”
,,ğŸ˜•ğŸ’”,WhyğŸ˜
,,,Bad girl
,,Bad girl,Bad girls are more kind ke
,Bad girl,Bad girls are more kind ke,Never
Bad girl,Bad girls are more kind ke,Never,For their best friend hah
Bad girls are more kind ke,Never,For their best friend hah,How can I believe you
Never,For their best friend hah,How can I believe you,Why u need believe me
For their best friend hah,How can I believe you,Why u need believe me,That's the question
How can I believe you,Why u need believe me,That's the question,Idk
Why u need believe me,That's the question,Idk,
,,,Are they tho
,,Are they tho,Ya see how good I am
,Are they tho,Ya see how good I am,We'll see about that
Are they tho,Ya see how good I am,We'll see about that,Yes then get it
,,,No biting! >:(
,,No biting! >:(,Very enjoyable
,No biting! >:(,Very enjoyable,Not for me
No biting! >:(,Very enjoyable,Not for me,ğŸ¥²but I don't bite hardly
Very enjoyable,Not for me,ğŸ¥²but I don't bite hardly,Aight u get a pass
Not for me,ğŸ¥²but I don't bite hardly,Aight u get a pass,ğŸ˜‚ğŸ˜‚
,,,ğŸ˜ŠğŸ˜Š
,,ğŸ˜ŠğŸ˜Š,Hello
,,,you flirt with my brother again
,,you flirt with my brother again,"heyy
cut her some slack ğŸ˜‚"
,you flirt with my brother again,"heyy
cut her some slack ğŸ˜‚",Huh ğŸ˜’
you flirt with my brother again,"heyy
cut her some slack ğŸ˜‚",Huh ğŸ˜’,
,,,Hello guys
,,Hello,Hola
,Hello,Hola,Howâ€™ve you been?
Hello,Hola,Howâ€™ve you been?,I'm Great
,,,how about you zain
,,how about you zain,Iâ€™m doing well. Thanks for asking
,how about you zain,Iâ€™m doing well. Thanks for asking,What do you do for living
how about you zain,Iâ€™m doing well. Thanks for asking,What do you do for living,Iâ€™m working as a process engineer in production areaâ€¦. Whatâ€™s about you?
Iâ€™m doing well. Thanks for asking,What do you do for living,Iâ€™m working as a process engineer in production areaâ€¦. Whatâ€™s about you?,"I make machines and export them to other countries, so you can call me an exporter."
What do you do for living,Iâ€™m working as a process engineer in production areaâ€¦. Whatâ€™s about you?,"I make machines and export them to other countries, so you can call me an exporter.",Oh! You are manufacturing your own machines and then exporting them to other countries. Mean youâ€™re multi skill character. Manufacturer as well as exporter. Great
Iâ€™m working as a process engineer in production areaâ€¦. Whatâ€™s about you?,"I make machines and export them to other countries, so you can call me an exporter.",Oh! You are manufacturing your own machines and then exporting them to other countries. Mean youâ€™re multi skill character. Manufacturer as well as exporter. Great,"Yeah But I don't make it myself, my people (employees) make it."
"I make machines and export them to other countries, so you can call me an exporter.",Oh! You are manufacturing your own machines and then exporting them to other countries. Mean youâ€™re multi skill character. Manufacturer as well as exporter. Great,"Yeah But I don't make it myself, my people (employees) make it.",Yup! Got it
,,,Whereâ€™re you from?
,,Whereâ€™re you from?,India
,Whereâ€™re you from?,India,Good âœ¨
,,,nd you?
,,nd you?,Pakistan
,,,"Oh i got it, pakistani"
,,,ğŸ˜­ğŸ˜­ğŸ˜­
,,ğŸ˜­ğŸ˜­ğŸ˜­,ğŸ¤£ğŸ˜‚ Good luck dg just stay alive ğŸ˜
,,,ğŸ™ğŸ»ğŸ“ˆ
,,,Impolite
,,Impolite,"Sorry
I'm just kidding
Sorry"
,,,Good evening
,,Good evening,Hii
,,Hi,Hi paid girl
,,,bot?
,,bot?,hi every one
,,Hey,Whatsup
,,,Good
,,Hii,Hey
,Hii,Hey,Hey how are you doing
Hii,Hey,Hey how are you doing,I am good wau?
Hey,Hey how are you doing,I am good wau?,Nice to meet you btw
Hey how are you doing,I am good wau?,Nice to meet you btw,You from ?
I am good wau?,Nice to meet you btw,You from ?,India wby
Nice to meet you btw,You from ?,India wby,Srilanka
You from ?,India wby,Srilanka,So like are you in school or college
,,,Hy guys anyone there
,,Hy guys anyone there,Hiii friend
,Hy guys anyone there,Hiii friend,Hy amiga long time no speak how are you
Hy guys anyone there,Hiii friend,Hy amiga long time no speak how are you,I'm fine thanks ğŸ¤—what about u
Hiii friend,Hy amiga long time no speak how are you,I'm fine thanks ğŸ¤—what about u,Thank you for asking that's kind of you... I am doing well and fine what about you you amiga
Hy amiga long time no speak how are you,I'm fine thanks ğŸ¤—what about u,Thank you for asking that's kind of you... I am doing well and fine what about you you amiga,"Same u dear 
Glad to hear that"
,,,"Just question
Do you know what bees produce?"
,,,Honey ğŸ¯ and wax... And an equilibrium in the world too....
,,Honey ğŸ¯ and wax... And an equilibrium in the world too....,"Thanks, I was told to learn about bees"
,Honey ğŸ¯ and wax... And an equilibrium in the world too....,"Thanks, I was told to learn about bees",There just the tip of the iceberg there much more my friend
,,,Hi Marva
,,Hi Marva,Hi
,Hi Marva,Hi,How are you my friend
,,,Hello.
,,Hello.,hi
,Hello.,hi,How are you?.
Hello.,hi,How are you?.,"how old are you ,maya ğŸ¤ ğŸ¤”"
hi,How are you?.,"how old are you ,maya ğŸ¤ ğŸ¤”","MayağŸ˜‚,oky,19,and you?."
How are you?.,"how old are you ,maya ğŸ¤ ğŸ¤”","MayağŸ˜‚,oky,19,and you?.",im 23 ğŸ˜
"how old are you ,maya ğŸ¤ ğŸ¤”","MayağŸ˜‚,oky,19,and you?.",im 23 ğŸ˜,Good luck.
,,Hello,I am also good
,Hello,I am also good,You too bro ğŸ™ƒ
,,,It's been years
,,It's been years,Yeah I remembered that
,It's been years,Yeah I remembered that,
,,Hey,Hey
,Hey,Hey,Hey how are you
Hey,Hey,Hey how are you,Good
Hey,Hey how are you,Good,I am doing well dear
,,,U
,,,you from ?
,,you from ?,"Iran 
U"
,you from ?,"Iran 
U",I am from sri lanka do you know about it
you from ?,"Iran 
U",I am from sri lanka do you know about it,"Well I guess I have heard about it on movies but I don't remmber ğŸ˜‚ 
Which country"
"Iran 
U",I am from sri lanka do you know about it,"Well I guess I have heard about it on movies but I don't remmber ğŸ˜‚ 
Which country",Ok dear
I am from sri lanka do you know about it,"Well I guess I have heard about it on movies but I don't remmber ğŸ˜‚ 
Which country",Ok dear,What's your name
"Well I guess I have heard about it on movies but I don't remmber ğŸ˜‚ 
Which country",Ok dear,What's your name,Nuwa is my name and u
Ok dear,What's your name,Nuwa is my name and u,Samira
,,,"im fine 
what about you"
,,"im fine 
what about you",Fine thanks.
,,,"Hey guys
Does this group have voice call?"
,,"Hey guys
Does this group have voice call?",not yet
,"Hey guys
Does this group have voice call?",not yet,Thanks
,,,nice to meet you ğŸ¤ 
,,nice to meet you ğŸ¤ ,As well.
,nice to meet you ğŸ¤ ,As well.,can i text you in pv ?ğŸ¤ 
nice to meet you ğŸ¤ ,As well.,can i text you in pv ?ğŸ¤ ,It's good in the group.
As well.,can i text you in pv ?ğŸ¤ ,It's good in the group.,Of course
can i text you in pv ?ğŸ¤ ,It's good in the group.,Of course,Yes.
,,,but
,,,talking in public is a little uncomfortable ğŸ˜…ğŸ¤
,,talking in public is a little uncomfortable ğŸ˜…ğŸ¤,No matter.
,talking in public is a little uncomfortable ğŸ˜…ğŸ¤,No matter.,Hey Cutie
talking in public is a little uncomfortable ğŸ˜…ğŸ¤,No matter.,Hey Cutie,Sorry bro ik I am coming in between
,,,By talking you mean flirting?
,,By talking you mean flirting?,ğŸ™…â€â™‚ no
,,,I mean private conversations
,,I mean private conversations,Well aint it too soon for that?
,I mean private conversations,Well aint it too soon for that?,yes ğŸ˜
,,,with 2 person
,,with 2 person,that is not necessary for others to know
,,,Jumping into private areas?
,,Jumping into private areas?,And youâ€™re trying to jump between two ppl ğŸ˜‚
,Jumping into private areas?,And youâ€™re trying to jump between two ppl ğŸ˜‚,Well now you did the same
Jumping into private areas?,And youâ€™re trying to jump between two ppl ğŸ˜‚,Well now you did the same,Hey
,,but,everything has to start somewhere
,,,Do anybody know a group with English voice call? ğŸ™„
,,Do anybody know a group with English voice call? ğŸ™„,Voice calls happen here
,Do anybody know a group with English voice call? ğŸ™„,Voice calls happen here,
,,,This group has voice call
,,This group has voice call,But someone told me there is no voice call in this group
,This group has voice call,But someone told me there is no voice call in this group,press here
This group has voice call,But someone told me there is no voice call in this group,press here,Yeah it's work fine ğŸ¥°
,,,who interested in a snaphack ?
,,,Thanks ğŸ™
,,Thanks ğŸ™,Your Welcome
,,,ğŸ™ƒ
,,ğŸ™ƒ,Oh great
,,,Ohh
,,,Neighbour
,,Neighbour,Yeahh
,,,Hey how was your day
,,Hey how was your day,Good n u?
,Hey how was your day,Good n u?,Not bad ğŸ˜
,,,I still haven't been able to flirt with any girl.
,,I still haven't been able to flirt with any girl.,Why you wanna do it
,,,"You are Indian, I suspect?"
,,"You are Indian, I suspect?","â§‰Arvaá¯“ğŸ¦‹â€Œ what is this can you Explain, please ğŸ¥º"
,"You are Indian, I suspect?","â§‰Arvaá¯“ğŸ¦‹â€Œ what is this can you Explain, please ğŸ¥º",Because of that most of Indian do flirt...bots reaction to messages
"You are Indian, I suspect?","â§‰Arvaá¯“ğŸ¦‹â€Œ what is this can you Explain, please ğŸ¥º",Because of that most of Indian do flirt...bots reaction to messages,This is an insult to me
"â§‰Arvaá¯“ğŸ¦‹â€Œ what is this can you Explain, please ğŸ¥º",Because of that most of Indian do flirt...bots reaction to messages,This is an insult to me,Blue Blooded unban me bro
,,,Huh ğŸ˜’
,,Huh ğŸ˜’,Lol but this is us moment bro
,Huh ğŸ˜’,Lol but this is us moment bro,ğŸ˜‚ğŸ˜‚
,,,I will take this issue to the International Court
,,I will take this issue to the International Court,ğŸ˜‚ğŸ˜‚ğŸ˜‚
,,,Fact is bitter
,,,Calm down ğŸ˜‚
,,Calm down ğŸ˜‚,ğŸ˜‚ğŸ˜‚ğŸ˜‚
,,Hello.,You should have said 'Hello handsome'
,Hello.,You should have said 'Hello handsome',OkyğŸ˜‚.
Hello.,You should have said 'Hello handsome',OkyğŸ˜‚.,because i called you cute ğŸ˜‚
You should have said 'Hello handsome',OkyğŸ˜‚.,because i called you cute ğŸ˜‚,"ğŸ˜‚ğŸ˜‚yes,where are you from?."
,,,How are you doing
,,How are you doing,"Fine,you?."
,How are you doing,"Fine,you?.",So where are you from
How are you doing,"Fine,you?.",So where are you from,"Iran,you?."
"Fine,you?.",So where are you from,"Iran,you?.",India
So where are you from,"Iran,you?.",India,Good.
,,,Doing good
,,Doing good,Where are you from
,Doing good,Where are you from,India wby
Doing good,Where are you from,India wby,Welcome
,,,He is from india too
,,,She is from iran too
,,She is from iran too,Ig we should try for one one
,She is from iran too,Ig we should try for one one,"I am not good at talking to girls, they don't like me, anyway I am not a person with that kind of thinking."
She is from iran too,Ig we should try for one one,"I am not good at talking to girls, they don't like me, anyway I am not a person with that kind of thinking.",Again it's an us moment
,,,ğŸ˜‚ğŸ˜‚ğŸ˜‚
,,ğŸ˜‚ğŸ˜‚ğŸ˜‚,Lol ğŸ˜‚
,,,Indians and Iranians have taken over this group
,,Indians and Iranians have taken over this group,Where are you from?ğŸ˜‚.
,Indians and Iranians have taken over this group,Where are you from?ğŸ˜‚.,ğŸ‡®ğŸ‡³
Indians and Iranians have taken over this group,Where are you from?ğŸ˜‚.,ğŸ‡®ğŸ‡³,Good.
Where are you from?ğŸ˜‚.,ğŸ‡®ğŸ‡³,Good.,So right now you are in school or college
ğŸ‡®ğŸ‡³,Good.,So right now you are in school or college,University.
Good.,So right now you are in school or college,University.,Ohh
,,,I guess it gonna work âœ¨
,,I guess it gonna work âœ¨,ğŸ˜‚ğŸ˜‚ğŸ˜‚
,,,India
,,India,ğŸ˜‚.
,,,"When Indian speak English
In pronounciations they say d instead of t"
,,"When Indian speak English
In pronounciations they say d instead of t",Nope I don't think so
,"When Indian speak English
In pronounciations they say d instead of t",Nope I don't think so,"It's proved 
I saw a clip"
"When Indian speak English
In pronounciations they say d instead of t",Nope I don't think so,"It's proved 
I saw a clip",Ohh
,,,"Damm, i never called you tammm"
,,"Damm, i never called you tammm",WhatğŸ˜‚ğŸ˜‚
,"Damm, i never called you tammm",WhatğŸ˜‚ğŸ˜‚,ğŸ˜‚ nothing nothing ğŸ˜‚
"Damm, i never called you tammm",WhatğŸ˜‚ğŸ˜‚,ğŸ˜‚ nothing nothing ğŸ˜‚,ğŸ˜ğŸ˜
,,,Where are you from in india
,,,Hi there! Where you guys from? I'm from East london
,,Hi there! Where you guys from? I'm from East london,Welcome
,,,From which stream
,,From which stream,Oh no
,From which stream,Oh no,what word did he use
,,,Don't worry I'm here
,,Don't worry I'm here,"Who are you
Second account?"
,,,"Still*
ğŸ˜‚ğŸ˜‚"
,,"Still*
ğŸ˜‚ğŸ˜‚","ğŸ¤¦ğŸ»â€â™‚ï¸ğŸ˜‚
I guess it's his second acc"
,,,A cunning thief is always thinking one step ahead ğŸ˜‚ğŸ˜‚
,,A cunning thief is always thinking one step ahead ğŸ˜‚ğŸ˜‚,And after all we are Indian's ğŸ˜‚ğŸ˜‚
,,,Clapping ğŸ¤£ğŸ‘ğŸ‘ğŸ‘
,,Clapping ğŸ¤£ğŸ‘ğŸ‘ğŸ‘,but why did he banned me
,Clapping ğŸ¤£ğŸ‘ğŸ‘ğŸ‘,but why did he banned me,I also wanna know
,,,We always think for something extra and one step forward
,,,Bot banned u
,,Bot banned u,Yeah bot why
,Bot banned u,Yeah bot why,Btw you are from which state
,,,But why
,,,Because of filter word
,,Because of filter word,Btw you are in school or college
,Because of filter word,Btw you are in school or college,I just passed highschool
Because of filter word,Btw you are in school or college,I just passed highschool,Which stream you gonna take
Btw you are in school or college,I just passed highschool,Which stream you gonna take,Idk
I just passed highschool,Which stream you gonna take,Idk,You haven't decided yet
Which stream you gonna take,Idk,You haven't decided yet,"Beside of that I do tailoring
I'll study languages"
Idk,You haven't decided yet,"Beside of that I do tailoring
I'll study languages",ğŸ˜‚ğŸ˜‚ğŸ˜‚ğŸ˜‚
,,,"Ohh okk
Well done âœ…
She also from Iran"
,,,How are you doing btw
,,How are you doing btw,Good
,How are you doing btw,Good,Kurdish one
How are you doing btw,Good,Kurdish one,Yes
Good,Kurdish one,Yes,Bezhi sister
Kurdish one,Yes,Bezhi sister,Thank you dear
,,,"Ohh and I am in 11tg
*th"
,,"Ohh and I am in 11tg
*th",Hi
,"Ohh and I am in 11tg
*th",Hi,"Ohh this is not bad
Btw you use Instagram"
,,,You use ig ?
,,You use ig ?,Ig mean?
,You use ig ?,Ig mean?,Instagram
You use ig ?,Ig mean?,Instagram,u username?
Ig mean?,Instagram,u username?,zx893
Instagram,u username?,zx893,zx then 2 underscore 893 then two underscore
u username?,zx893,zx then 2 underscore 893 then two underscore,whr u from? Punjabi?
,,,"They banned me till 09à¥¤09à¥¤24 ğŸ˜‚
Well"
,,,"Oh Instagram, i see"
,,"Oh Instagram, i see",Yes
,,,"Ig mean i Guess
ğŸ˜‚ğŸ˜‚ğŸ˜‚"
,Hey,Hey,How are you doing
,,,"Ohh
It's not my username
I am unable to use underscore
Naah
Lucknow"
,,Ok,Thanks nutcracker ğŸ˜ŒğŸ˜‚
,,,Thank you my love
,,,"I see 
Say thanksğŸ˜‚ğŸ˜‚"
,,"I see 
Say thanksğŸ˜‚ğŸ˜‚",Thank you my ..... (Fill in da blank)
,"I see 
Say thanksğŸ˜‚ğŸ˜‚",Thank you my ..... (Fill in da blank),ğŸ˜‚ğŸ˜‚lordğŸ‘¿
"I see 
Say thanksğŸ˜‚ğŸ˜‚",Thank you my ..... (Fill in da blank),ğŸ˜‚ğŸ˜‚lordğŸ‘¿,ğŸ˜’ğŸ˜• lord ig you are lady
Thank you my ..... (Fill in da blank),ğŸ˜‚ğŸ˜‚lordğŸ‘¿,ğŸ˜’ğŸ˜• lord ig you are lady,"Can't be used for ladies?
Lordess"
ğŸ˜‚ğŸ˜‚lordğŸ‘¿,ğŸ˜’ğŸ˜• lord ig you are lady,"Can't be used for ladies?
Lordess","Its actually ""lady"""
ğŸ˜’ğŸ˜• lord ig you are lady,"Can't be used for ladies?
Lordess","Its actually ""lady""",Lord?
"Can't be used for ladies?
Lordess","Its actually ""lady""",Lord?,Lord and Lady
"Its actually ""lady""",Lord?,Lord and Lady,"Really ğŸ˜‚ğŸ˜•so lord male and lady female
But what about meaning"
Lord?,Lord and Lady,"Really ğŸ˜‚ğŸ˜•so lord male and lady female
But what about meaning",What about it
Lord and Lady,"Really ğŸ˜‚ğŸ˜•so lord male and lady female
But what about meaning",What about it,Thanks ğŸ¤—ğŸ’‹
,,,"Hello
what is G20"
,,"Hello
what is G20","Lolsss
Nima joon"
,,,Earlier I thought this but Google told me that the feminine word of Lord is Lady.
,,Earlier I thought this but Google told me that the feminine word of Lord is Lady.,ğŸ¤¨ğŸ¤”
,,,ğŸ˜°ğŸ˜¨
,,,The female equivalent of lord
,,The female equivalent of lord,What the Hack
,,,Like king and Queen
,,Like king and Queen,bitter truth ğŸ˜‚ğŸ˜‚ğŸ˜‚
,,,Ig lord means equal to god
,,Ig lord means equal to god,Well not necessarily
,Ig lord means equal to god,Well not necessarily,Lord means the one who decides  !
,,,I got it
,,I got it,"It used to be a social rank in the feudalism era i think
But"
,I got it,"It used to be a social rank in the feudalism era i think
But","So Lord is God, isn't it?"
I got it,"It used to be a social rank in the feudalism era i think
But","So Lord is God, isn't it?","It is also used for god
Just like
When u say god is king"
,,,But u dont go with king is god. It doesnt make sense
,,But u dont go with king is god. It doesnt make sense,Now i got it
,,,"Hello, this group looks very active."
,,"Hello, this group looks very active.",Yup
,,,British people used to call a person of high rank as Lord (i.e. God) but they did not name their queen and king as God. This is strange hypocracy. ğŸ˜‚
,,,In India even today the judge is called Lord. ğŸ˜‚
,,In India even today the judge is called Lord. ğŸ˜‚,Really
,In India even today the judge is called Lord. ğŸ˜‚,Really,"Yeah, Even after so many years, we still dress like him   (Britishers) in court."
In India even today the judge is called Lord. ğŸ˜‚,Really,"Yeah, Even after so many years, we still dress like him   (Britishers) in court.",Interesting haha
Really,"Yeah, Even after so many years, we still dress like him   (Britishers) in court.",Interesting haha,You too
"Yeah, Even after so many years, we still dress like him   (Britishers) in court.",Interesting haha,You too,Me whatğŸ˜¼
Interesting haha,You too,Me whatğŸ˜¼,You interesting ğŸ™ˆ
You too,Me whatğŸ˜¼,You interesting ğŸ™ˆ,ğŸ˜‚ğŸ˜‚
,,Hi,Hmm we should say Damn power
,Hi,Hmm we should say Damn power,"Bro that's fucked up
Well... here they dress like Arabs and we've had a quite hostile history between the nations
So i kinda get it"
Hi,Hmm we should say Damn power,"Bro that's fucked up
Well... here they dress like Arabs and we've had a quite hostile history between the nations
So i kinda get it",Aww
,,,U Marva
,,U Marva,
,U Marva,,
U Marva,,,Talk with ur gf
,,Talk with ur gf,Talk with only Marva
,Talk with ur gf,Talk with only Marva,
,,Hi,Sorry Bro i was Busy
,Hi,Sorry Bro i was Busy,Oh okay ğŸ‘
,,,"ğŸ¼
Like Panda"
,,,Yeah like panda I have never seen in my life like you
,,Yeah like panda I have never seen in my life like you,ğŸ˜‚ğŸ˜‚
,,,They're so cute
,,They're so cute,"I feel the same way,( like you )"
,They're so cute,"I feel the same way,( like you )",
They're so cute,"I feel the same way,( like you )",,
,,,There is no one here
,,There is no one here,Btw hi
,,,Where are you from
,,Where are you from,"I'm iranian 
and you?"
,Where are you from,"I'm iranian 
and you?",Indian
Where are you from,"I'm iranian 
and you?",Indian,
"I'm iranian 
and you?",Indian,,"Yeah, India becoming bharat ğŸ˜‚ğŸ˜‚ğŸ˜‚"
Indian,,"Yeah, India becoming bharat ğŸ˜‚ğŸ˜‚ğŸ˜‚",
,"Yeah, India becoming bharat ğŸ˜‚ğŸ˜‚ğŸ˜‚",,I love your background Tune
"Yeah, India becoming bharat ğŸ˜‚ğŸ˜‚ğŸ˜‚",,I love your background Tune,
,I love your background Tune,,Thanks buddy it's so relaxing ğŸ˜Œ
I love your background Tune,,Thanks buddy it's so relaxing ğŸ˜Œ,ğŸ‘ğŸ»ğŸ‘ğŸ»
,,,Hi there
,,Hi,Hi
,,,Hru
,,,Hey conq
,,Hey conq,"Hi, Nothing special"
,Hey conq,"Hi, Nothing special",Cool
,,,Wassup
,,Wassup,I'm fine
,,,Nice to meet you
,,Nice to meet you,What do you do ?
,Nice to meet you,What do you do ?,And you
Nice to meet you,What do you do ?,And you,I am relieving the tiredness of the day by lying on the bed
What do you do ?,And you,I am relieving the tiredness of the day by lying on the bed,Good job ğŸ˜‚
,,,Same here ğŸ¥°
,,,How old are u both ?
,,How old are u both ?,I'm just a baby
,,,"Lol
So how can u talk lol ğŸ˜"
,,,That's time to change ur clothes baby ğŸ˜‚
,,That's time to change ur clothes baby ğŸ˜‚,Huh ğŸ˜’ I didn't poop on any clothes
,That's time to change ur clothes baby ğŸ˜‚,Huh ğŸ˜’ I didn't poop on any clothes,Baby can't talk ğŸ˜‹
,,,I do nothing now
,,I do nothing now,"India  amer khan ğŸ˜Š
Dancing"
,,,So  why  do u like dancing in india conq ?
,,So  why  do u like dancing in india conq ?,I don't know how to dance
,,,I'm typing
,,I'm typing,Me too
,I'm typing,Me too,How old are you?
I'm typing,Me too,How old are you?,I'm 23
Me too,How old are you?,I'm 23,ğŸ‘
,,,Really
,,,But in ur films  should actors dance
,,But in ur films  should actors dance,"American actors do a lot of things in films, it does not mean that every American does the same thing."
,,,Give me any movie without dancing
,,,I ask u
,,I ask u,ğŸ˜‚ actually I'm not watching indians movies
,,,And I'm agree with u
,,,Here in egypt the same
,,Here in egypt the same,I love Egypt culture
,Here in egypt the same,I love Egypt culture,Thx
Here in egypt the same,I love Egypt culture,Thx,"No thanks needed, i just told the truth"
,,,Oh
,,,So what do u watch ?
,,So what do u watch ?,I saw the movie Fast and Furious 10 today at noon or in the evening
,,,Okay
,,,Could u tell us what do u know about egypt culture ?
,,Could u tell us what do u know about egypt culture ?,"your pyramid, it's very interesting"
,Could u tell us what do u know about egypt culture ?,"your pyramid, it's very interesting",Yea
,,,I can watch everything except Indian movies ğŸ˜‚
,,I can watch everything except Indian movies ğŸ˜‚,The Indian movie is very beautifulğŸ˜‚
,I can watch everything except Indian movies ğŸ˜‚,The Indian movie is very beautifulğŸ˜‚,Huh ğŸ˜’ no way ğŸ¤®ğŸ¤¢
I can watch everything except Indian movies ğŸ˜‚,The Indian movie is very beautifulğŸ˜‚,Huh ğŸ˜’ no way ğŸ¤®ğŸ¤¢,ğŸ˜‚
,,,"I'm about to leave my work
I work as a dengist"
,,,Dentist*
,,Dentist*,I wish you were a heart doctor
,,,Why ?
,,,And  what do u do conq ğŸ˜‰
,,And  what do u do conq ğŸ˜‰,Ig girls ğŸ˜‚
,And  what do u do conq ğŸ˜‰,Ig girls ğŸ˜‚,Are you boy or girl?
And  what do u do conq ğŸ˜‰,Ig girls ğŸ˜‚,Are you boy or girl?,Have you seen any girl conqueror in history?
Ig girls ğŸ˜‚,Are you boy or girl?,Have you seen any girl conqueror in history?,Are you muslim ?
Are you boy or girl?,Have you seen any girl conqueror in history?,Are you muslim ?,Yeah
Have you seen any girl conqueror in history?,Are you muslim ?,Yeah,can you speak arabicØŸ
Are you muslim ?,Yeah,can you speak arabicØŸ,"No brother, I'm not from Golf Countries so i don't know arabic"
,,,Boy !
,,Boy !,ğŸ‘
,,"You are Indian, I suspect?",What no again please ğŸ¥º
,,,Really ğŸ¤©
,,Really ğŸ¤©,Are you too ??
,Really ğŸ¤©,Are you too ??,I worship Allah
Really ğŸ¤©,Are you too ??,I worship Allah,Yeah me too
Are you too ??,I worship Allah,Yeah me too,do you pray?
I worship Allah,Yeah me too,do you pray?,Sometimes
Yeah me too,do you pray?,Sometimes,"If you are a Muslim, you should pray every day, brother"
do you pray?,Sometimes,"If you are a Muslim, you should pray every day, brother",Yeah i think so
Sometimes,"If you are a Muslim, you should pray every day, brother",Yeah i think so,Is your religion Sunni or Shia?
,,,Assalamualaikum
,,Assalamualaikum,"Yeah
Alaikum assalam
You should pray every day, brother"
,,,Hi everybody
,,Hi everybody,Hey
,Hi everybody,Hey,H r u
Hi everybody,Hey,H r u,Good and you
Hey,H r u,Good and you,Mersi
H r u,Good and you,Mersi,Ok
,,,"I am 21 u?
Male"
,,"I am 21 u?
Male",Ok
,,19,Ntmu babe
,19,Ntmu babe,Yep
,,,What is the meaning of nuwa
,,What is the meaning of nuwa,good ol days ğŸ« 
,What is the meaning of nuwa,good ol days ğŸ« ,"Noises ğŸ˜‚
U've sleep calmly"
,,,I'm not gonna sleep tho
,,I'm not gonna sleep tho,
,,,No with Selena
,,No with Selena,Dude nice music ğŸ¶ though
,,,uknow what I'm gonna do ?
,,uknow what I'm gonna do ?,What
,uknow what I'm gonna do ?,What,I'm gonna do what some may call it an otaku move
uknow what I'm gonna do ?,What,I'm gonna do what some may call it an otaku move,ğŸ˜‚ğŸ˜‚ what's that otaku
What,I'm gonna do what some may call it an otaku move,ğŸ˜‚ğŸ˜‚ what's that otaku,
I'm gonna do what some may call it an otaku move,ğŸ˜‚ğŸ˜‚ what's that otaku,,My happy marriage lol
ğŸ˜‚ğŸ˜‚ what's that otaku,,My happy marriage lol,Thanks
,,,bbye
,,bbye,"Animeeeee
ğŸ˜‚ğŸ˜‚"
,bbye,"Animeeeee
ğŸ˜‚ğŸ˜‚",with strawberry dessert
,,,good night ğŸ’¤
,,good night ğŸ’¤,"Wait
What's its name"
,,,"Then go
Fish"
,,,My happy marriage i guess idk
,,My happy marriage i guess idk,Watch it and say if it's sad at all
,My happy marriage i guess idk,Watch it and say if it's sad at all,okay
,,,"Ok go go 
Gn"
,,"Ok go go 
Gn",gn ppl
,,,Sad?
,,Sad?,Sad.
,,,im a heartless dude btw so byeğŸ˜ğŸ˜‚
,,im a heartless dude btw so byeğŸ˜ğŸ˜‚,Heartless ppl can distinguish sad things tho
,im a heartless dude btw so byeğŸ˜ğŸ˜‚,Heartless ppl can distinguish sad things tho,that's sad itself
im a heartless dude btw so byeğŸ˜ğŸ˜‚,Heartless ppl can distinguish sad things tho,that's sad itself,
Heartless ppl can distinguish sad things tho,that's sad itself,,"well, the first 6ep was not bad
a well developed Cinderella strory and a pint of manhwas in it 
although they did bring out the sadness of her in that voice and the music background ğŸ¥²"
that's sad itself,,"well, the first 6ep was not bad
a well developed Cinderella strory and a pint of manhwas in it 
although they did bring out the sadness of her in that voice and the music background ğŸ¥²","It's really not my cup of tea, but the art was catchy
Now that you mention good music it's worth a try ig"
,"well, the first 6ep was not bad
a well developed Cinderella strory and a pint of manhwas in it 
although they did bring out the sadness of her in that voice and the music background ğŸ¥²","It's really not my cup of tea, but the art was catchy
Now that you mention good music it's worth a try ig",how bout the one on my pfp ?
"well, the first 6ep was not bad
a well developed Cinderella strory and a pint of manhwas in it 
although they did bring out the sadness of her in that voice and the music background ğŸ¥²","It's really not my cup of tea, but the art was catchy
Now that you mention good music it's worth a try ig",how bout the one on my pfp ?,That 16 yo girl who got pregnant an all? Lol
"It's really not my cup of tea, but the art was catchy
Now that you mention good music it's worth a try ig",how bout the one on my pfp ?,That 16 yo girl who got pregnant an all? Lol,"cmonğŸ˜‚
u can't sum it up like that 
I enjoyed it ğŸ« "
how bout the one on my pfp ?,That 16 yo girl who got pregnant an all? Lol,"cmonğŸ˜‚
u can't sum it up like that 
I enjoyed it ğŸ« ","I like engaging stories that you can't get out of your head so easily
Is it like that?"
That 16 yo girl who got pregnant an all? Lol,"cmonğŸ˜‚
u can't sum it up like that 
I enjoyed it ğŸ« ","I like engaging stories that you can't get out of your head so easily
Is it like that?","yup 
Totally
it shows how dark or how marketing the entertainment business is"
"cmonğŸ˜‚
u can't sum it up like that 
I enjoyed it ğŸ« ","I like engaging stories that you can't get out of your head so easily
Is it like that?","yup 
Totally
it shows how dark or how marketing the entertainment business is",Why was I reminded of a Serbian film fuck
"I like engaging stories that you can't get out of your head so easily
Is it like that?","yup 
Totally
it shows how dark or how marketing the entertainment business is",Why was I reminded of a Serbian film fuck,"idk what that is 
but u can think of umm an mc like code geass and idk something like classroom of the elite"
"yup 
Totally
it shows how dark or how marketing the entertainment business is",Why was I reminded of a Serbian film fuck,"idk what that is 
but u can think of umm an mc like code geass and idk something like classroom of the elite","Hmm got it
Added to the list"
,,,"I love this Danette tho 
try it ğŸ¥¹ğŸ˜‚"
,,"I love this Danette tho 
try it ğŸ¥¹ğŸ˜‚",Hi
,,,hi sam
,,hi sam,"How e u Zain 
Long time no see"
,,,"Good morning morning good
Hey don't use this type of sticker"
,,,Oh tu unban ho gaya
,,Oh tu unban ho gaya,Hey
,Oh tu unban ho gaya,Hey,Hi nuwa
Oh tu unban ho gaya,Hey,Hi nuwa,How are yo
Hey,Hi nuwa,How are yo,I am also. Good in India today is holiday
,,How are you doing,i am good
,How are you doing,i am good,Hey guys
How are you doing,i am good,Hey guys,hi
,,,can i share any new link here
,,can i share any new link here,Yeah share please sir
,,,"Helllloooooooo
Morninggggggg
ğŸ˜„ğŸ˜ŠğŸ˜Š"
,,Hii,"Hi 
How are u doin"
,Hii,"Hi 
How are u doin",Silver Moon ğŸŒ™
Hii,"Hi 
How are u doin",Silver Moon ğŸŒ™,"Yea 
But this is golden ğŸ˜„"
,,,Nothing. Wbu?
,,Nothing. Wbu?,Everything is good
,Nothing. Wbu?,Everything is good,You from Egypt?
Nothing. Wbu?,Everything is good,You from Egypt?,"I'm not 
Why ?"
Everything is good,You from Egypt?,"I'm not 
Why ?","So, you from?"
You from Egypt?,"I'm not 
Why ?","So, you from?","Iran 
U?"
"I'm not 
Why ?","So, you from?","Iran 
U?","He is from Indian, Typical indian Human"
"So, you from?","Iran 
U?","He is from Indian, Typical indian Human",Tnx for informing me ğŸ˜‚
,,,How are you
,,How are you,Hey broo whats up
,How are you,Hey broo whats up,I am good
How are you,Hey broo whats up,I am good,You from?
Hey broo whats up,I am good,You from?,Afghanistan
I am good,You from?,Afghanistan,Nice county
You from?,Afghanistan,Nice county,Really
Afghanistan,Nice county,Really,Yeah
,,,Fine and u
,,Fine and u,We are good ğŸ˜Š what about you
,,,Mars ğŸ˜ğŸ˜…
,,Mars ğŸ˜ğŸ˜…,Intelligent ğŸ˜„
,Mars ğŸ˜ğŸ˜…,Intelligent ğŸ˜„,ğŸ¥²ğŸ¥² your name?
Mars ğŸ˜ğŸ˜…,Intelligent ğŸ˜„,ğŸ¥²ğŸ¥² your name?,Mary
Intelligent ğŸ˜„,ğŸ¥²ğŸ¥² your name?,Mary,I'm confused
ğŸ¥²ğŸ¥² your name?,Mary,I'm confused,Why
Mary,I'm confused,Why,Is Mary boy or girl ğŸ¥²ğŸ¤”ğŸ¤”
I'm confused,Why,Is Mary boy or girl ğŸ¥²ğŸ¤”ğŸ¤”,Really u don't know that ?ğŸ˜ğŸ˜
Why,Is Mary boy or girl ğŸ¥²ğŸ¤”ğŸ¤”,Really u don't know that ?ğŸ˜ğŸ˜,Yeah I'm confused
,,,Where are u from ğŸ˜
,,Where are u from ğŸ˜,I am form Afghanistan
,Where are u from ğŸ˜,I am form Afghanistan,Good to know u
,,,United States of India
,,United States of India,Woww great
,,,Afgani Chicken ğŸ— ğŸ¤¤ Yeah I'm foodie
,,Afgani Chicken ğŸ— ğŸ¤¤ Yeah I'm foodie,Bon appetite
,Afgani Chicken ğŸ— ğŸ¤¤ Yeah I'm foodie,Bon appetite,
Afgani Chicken ğŸ— ğŸ¤¤ Yeah I'm foodie,Bon appetite,,ğŸ‘¹
Bon appetite,,ğŸ‘¹,
,ğŸ‘¹,,Cutie
ğŸ‘¹,,Cutie,Like You   !!!!
,Cutie,Like You   !!!!,
Cutie,Like You   !!!!,,
,,,Marry ğŸ’ğŸ‘ˆğŸ»
,,Marry ğŸ’ğŸ‘ˆğŸ»,.ğŸ˜‚
,Marry ğŸ’ğŸ‘ˆğŸ»,.ğŸ˜‚,
Marry ğŸ’ğŸ‘ˆğŸ»,.ğŸ˜‚,,Where are u tooth ğŸ˜„
.ğŸ˜‚,,Where are u tooth ğŸ˜„,a rat took away my teeth ğŸ˜‚
,Where are u tooth ğŸ˜„,a rat took away my teeth ğŸ˜‚,What a nice job rat ğŸ‘ğŸ‘ğŸ‘ğŸ˜‚
Where are u tooth ğŸ˜„,a rat took away my teeth ğŸ˜‚,What a nice job rat ğŸ‘ğŸ‘ğŸ‘ğŸ˜‚,"What really, Noo Please No ğŸ˜‚ğŸ˜‚ğŸ˜‚"
a rat took away my teeth ğŸ˜‚,What a nice job rat ğŸ‘ğŸ‘ğŸ‘ğŸ˜‚,"What really, Noo Please No ğŸ˜‚ğŸ˜‚ğŸ˜‚",It comes back soon ğŸ˜ğŸ‘Œ
What a nice job rat ğŸ‘ğŸ‘ğŸ‘ğŸ˜‚,"What really, Noo Please No ğŸ˜‚ğŸ˜‚ğŸ˜‚",It comes back soon ğŸ˜ğŸ‘Œ,But till then I won't be able to flirt with girls. ğŸ˜‚ğŸ¥ºğŸ¥²
"What really, Noo Please No ğŸ˜‚ğŸ˜‚ğŸ˜‚",It comes back soon ğŸ˜ğŸ‘Œ,But till then I won't be able to flirt with girls. ğŸ˜‚ğŸ¥ºğŸ¥²,"Clever 
I'll stop it 
ğŸ˜‚"
It comes back soon ğŸ˜ğŸ‘Œ,But till then I won't be able to flirt with girls. ğŸ˜‚ğŸ¥ºğŸ¥²,"Clever 
I'll stop it 
ğŸ˜‚",You will What ???
But till then I won't be able to flirt with girls. ğŸ˜‚ğŸ¥ºğŸ¥²,"Clever 
I'll stop it 
ğŸ˜‚",You will What ???,"Stop the rat from coming their 
And eating ur ...
I don't know ğŸ˜‚"
"Clever 
I'll stop it 
ğŸ˜‚",You will What ???,"Stop the rat from coming their 
And eating ur ...
I don't know ğŸ˜‚",The rat comes quietly at night ğŸ˜­
You will What ???,"Stop the rat from coming their 
And eating ur ...
I don't know ğŸ˜‚",The rat comes quietly at night ğŸ˜­,I can help it not come there
,,,You form
,,You form,Hii
,,,I will marry you
,,I will marry you,Don't make me laugh ğŸ˜‚
,I will marry you,Don't make me laugh ğŸ˜‚,Really
I will marry you,Don't make me laugh ğŸ˜‚,Really,Why did u say that ?
Don't make me laugh ğŸ˜‚,Really,Why did u say that ?,I said that I will marry you if you wanna
Really,Why did u say that ?,I said that I will marry you if you wanna,"Hell no 
Why should I want ğŸ˜„"
Why did u say that ?,I said that I will marry you if you wanna,"Hell no 
Why should I want ğŸ˜„",You told that who will marry
I said that I will marry you if you wanna,"Hell no 
Why should I want ğŸ˜„",You told that who will marry,"That's my name 
Mary 
Not marry ğŸ˜‚ğŸ˜"
"Hell no 
Why should I want ğŸ˜„",You told that who will marry,"That's my name 
Mary 
Not marry ğŸ˜‚ğŸ˜",I am sorry ğŸ˜ğŸ˜ğŸ˜ğŸ˜
,,,Never leave your hundred to someone who can't count to ten ğŸŒ
,,Never leave your hundred to someone who can't count to ten ğŸŒ,ğŸ‘ğŸ˜„
,Never leave your hundred to someone who can't count to ten ğŸŒ,ğŸ‘ğŸ˜„,
Never leave your hundred to someone who can't count to ten ğŸŒ,ğŸ‘ğŸ˜„,,"U know Persian 
Where are u fromğŸ§ğŸ˜‚ğŸ˜‚"
ğŸ‘ğŸ˜„,,"U know Persian 
Where are u fromğŸ§ğŸ˜‚ğŸ˜‚",Who told you i know persian? Zulbia ğŸ˜
,"U know Persian 
Where are u fromğŸ§ğŸ˜‚ğŸ˜‚",Who told you i know persian? Zulbia ğŸ˜,"AyneğŸ˜ğŸ˜„
Not needed to say that"
,,,Hahajahahaha
,,,I know Persian
,,I know Persian,Good job
,,,"Good job 
Say hello in Indian language ğŸ˜"
,,"Good job 
Say hello in Indian language ğŸ˜",Khobe ğŸ˜
,"Good job 
Say hello in Indian language ğŸ˜",Khobe ğŸ˜,AreğŸ˜
"Good job 
Say hello in Indian language ğŸ˜",Khobe ğŸ˜,AreğŸ˜,Tell him to moosh bokhoradet ğŸ¤£ğŸ¤£ğŸ¤£ğŸ¤£ğŸ¤£
Khobe ğŸ˜,AreğŸ˜,Tell him to moosh bokhoradet ğŸ¤£ğŸ¤£ğŸ¤£ğŸ¤£ğŸ¤£,Already doneğŸ˜‚
AreğŸ˜,Tell him to moosh bokhoradet ğŸ¤£ğŸ¤£ğŸ¤£ğŸ¤£ğŸ¤£,Already doneğŸ˜‚,Lmao ğŸ¤£ğŸ˜‚ good very fast ğŸ‘
Tell him to moosh bokhoradet ğŸ¤£ğŸ¤£ğŸ¤£ğŸ¤£ğŸ¤£,Already doneğŸ˜‚,Lmao ğŸ¤£ğŸ˜‚ good very fast ğŸ‘,"Yea 
I'm fastğŸ˜"
Already doneğŸ˜‚,Lmao ğŸ¤£ğŸ˜‚ good very fast ğŸ‘,"Yea 
I'm fastğŸ˜",Good ğŸ˜¬
Lmao ğŸ¤£ğŸ˜‚ good very fast ğŸ‘,"Yea 
I'm fastğŸ˜",Good ğŸ˜¬,Which city do u live in
"Yea 
I'm fastğŸ˜",Good ğŸ˜¬,Which city do u live in,Ahmedabad ğŸ˜ and you? Tabriz gang ? ğŸ¤£ğŸ¤£
Good ğŸ˜¬,Which city do u live in,Ahmedabad ğŸ˜ and you? Tabriz gang ? ğŸ¤£ğŸ¤£,Shiraz ğŸ˜Š
Which city do u live in,Ahmedabad ğŸ˜ and you? Tabriz gang ? ğŸ¤£ğŸ¤£,Shiraz ğŸ˜Š,Great ğŸ¥²
Ahmedabad ğŸ˜ and you? Tabriz gang ? ğŸ¤£ğŸ¤£,Shiraz ğŸ˜Š,Great ğŸ¥²,Too farğŸ˜
Shiraz ğŸ˜Š,Great ğŸ¥²,Too farğŸ˜,Yeah too far from tehran
Great ğŸ¥²,Too farğŸ˜,Yeah too far from tehran,Yea
Too farğŸ˜,Yeah too far from tehran,Yea,
Yeah too far from tehran,Yea,,"ğŸ˜„ğŸ˜„
Wow u are coming to shiraz 
HappilyğŸ˜„"
Yea,,"ğŸ˜„ğŸ˜„
Wow u are coming to shiraz 
HappilyğŸ˜„",Lmao ğŸ¤£ğŸ¤£ I'm coming to buy a carpet
,"ğŸ˜„ğŸ˜„
Wow u are coming to shiraz 
HappilyğŸ˜„",Lmao ğŸ¤£ğŸ¤£ I'm coming to buy a carpet,"Just carpet ğŸ˜„
We have best carpets"
"ğŸ˜„ğŸ˜„
Wow u are coming to shiraz 
HappilyğŸ˜„",Lmao ğŸ¤£ğŸ¤£ I'm coming to buy a carpet,"Just carpet ğŸ˜„
We have best carpets",And wine maybe... really? Best carpets?
Lmao ğŸ¤£ğŸ¤£ I'm coming to buy a carpet,"Just carpet ğŸ˜„
We have best carpets",And wine maybe... really? Best carpets?,And bast wine ğŸ˜Štoo
"Just carpet ğŸ˜„
We have best carpets",And wine maybe... really? Best carpets?,And bast wine ğŸ˜Štoo,"Send location, I'm coming ğŸ˜¬"
And wine maybe... really? Best carpets?,And bast wine ğŸ˜Štoo,"Send location, I'm coming ğŸ˜¬",But I have nothing ğŸ˜
And bast wine ğŸ˜Štoo,"Send location, I'm coming ğŸ˜¬",But I have nothing ğŸ˜,Send location of the best shop's ğŸ¤¦ not your location ğŸ¤£ğŸ¤£
"Send location, I'm coming ğŸ˜¬",But I have nothing ğŸ˜,Send location of the best shop's ğŸ¤¦ not your location ğŸ¤£ğŸ¤£,Oh I got it wrong
But I have nothing ğŸ˜,Send location of the best shop's ğŸ¤¦ not your location ğŸ¤£ğŸ¤£,Oh I got it wrong,Hmm ğŸ¤”
Send location of the best shop's ğŸ¤¦ not your location ğŸ¤£ğŸ¤£,Oh I got it wrong,Hmm ğŸ¤”,U don't miss it
Oh I got it wrong,Hmm ğŸ¤”,U don't miss it,I missed something
Hmm ğŸ¤”,U don't miss it,I missed something,"Why?
What ?
Where were u looking at 
Why did u get distracted ğŸ˜‚"
U don't miss it,I missed something,"Why?
What ?
Where were u looking at 
Why did u get distracted ğŸ˜‚",Because of one moosh i got distracted ğŸ¤£ğŸ¤­ğŸ˜€
I missed something,"Why?
What ?
Where were u looking at 
Why did u get distracted ğŸ˜‚",Because of one moosh i got distracted ğŸ¤£ğŸ¤­ğŸ˜€,"It's not chasing u 
Are u afraid of that ?ğŸ˜„"
"Why?
What ?
Where were u looking at 
Why did u get distracted ğŸ˜‚",Because of one moosh i got distracted ğŸ¤£ğŸ¤­ğŸ˜€,"It's not chasing u 
Are u afraid of that ?ğŸ˜„",Yup ğŸ˜…
Because of one moosh i got distracted ğŸ¤£ğŸ¤­ğŸ˜€,"It's not chasing u 
Are u afraid of that ?ğŸ˜„",Yup ğŸ˜…,
"It's not chasing u 
Are u afraid of that ?ğŸ˜„",Yup ğŸ˜…,,
,,,Namaste
,,Namaste,Namaste ğŸ˜Š
,,,"Take it easy
The rat is in the cage ğŸ˜"
,,"Take it easy
The rat is in the cage ğŸ˜",I said hello to you in my own language ma'am
,"Take it easy
The rat is in the cage ğŸ˜",I said hello to you in my own language ma'am,"Yea 
I answered u"
"Take it easy
The rat is in the cage ğŸ˜",I said hello to you in my own language ma'am,"Yea 
I answered u",Wow you spoke exactly the right words
I said hello to you in my own language ma'am,"Yea 
I answered u",Wow you spoke exactly the right words,Is it wrong ?
"Yea 
I answered u",Wow you spoke exactly the right words,Is it wrong ?,"Nope, Its 101% Correct"
Wow you spoke exactly the right words,Is it wrong ?,"Nope, Its 101% Correct","Wow 
I know some other words but I can't type"
Is it wrong ?,"Nope, Its 101% Correct","Wow 
I know some other words but I can't type","Wow Really,"
"Nope, Its 101% Correct","Wow 
I know some other words but I can't type","Wow Really,","Yea 
Something like"" how are u doin  ""
""I'm fine """
"Wow 
I know some other words but I can't type","Wow Really,","Yea 
Something like"" how are u doin  ""
""I'm fine """,Wow Good ğŸ˜Š
"Wow Really,","Yea 
Something like"" how are u doin  ""
""I'm fine """,Wow Good ğŸ˜Š,YeağŸ˜Š
,,,Helllllkoooo
,,Helllllkoooo,Hey
,,,Huiu
,,,"ğŸ˜‚ğŸ˜‚
Be careful 
U are getting banned"
,,"ğŸ˜‚ğŸ˜‚
Be careful 
U are getting banned",
,"ğŸ˜‚ğŸ˜‚
Be careful 
U are getting banned",,
"ğŸ˜‚ğŸ˜‚
Be careful 
U are getting banned",,,
,,,"Where are u going? 
The rat is on ur way ğŸ˜¨"
,,"Where are u going? 
The rat is on ur way ğŸ˜¨",I'm running away from the rat ğŸ€ğŸ
,"Where are u going? 
The rat is on ur way ğŸ˜¨",I'm running away from the rat ğŸ€ğŸ,"But u are not fast enough ğŸ˜„
Rat is coming 
It's near u 
ğŸ˜„"
"Where are u going? 
The rat is on ur way ğŸ˜¨",I'm running away from the rat ğŸ€ğŸ,"But u are not fast enough ğŸ˜„
Rat is coming 
It's near u 
ğŸ˜„","You know a lot about rat, are you that rat's sister?"
I'm running away from the rat ğŸ€ğŸ,"But u are not fast enough ğŸ˜„
Rat is coming 
It's near u 
ğŸ˜„","You know a lot about rat, are you that rat's sister?","No 
I just can see that"
"But u are not fast enough ğŸ˜„
Rat is coming 
It's near u 
ğŸ˜„","You know a lot about rat, are you that rat's sister?","No 
I just can see that",
,,,"It is coming 
RATğŸ˜"
,,,Mary is A Gorgeous Cutie
,,Mary is A Gorgeous Cutie,
,,,Wine is Haram ğŸ¥²
,,Wine is Haram ğŸ¥²,Yea it is
,Wine is Haram ğŸ¥²,Yea it is,Are you muslim ?
Wine is Haram ğŸ¥²,Yea it is,Are you muslim ?,Yea
Yea it is,Are you muslim ?,Yea,do you drink wine ?  Do you consume alcohol ?
Are you muslim ?,Yea,do you drink wine ?  Do you consume alcohol ?,Non of them
Yea,do you drink wine ?  Do you consume alcohol ?,Non of them,
do you drink wine ?  Do you consume alcohol ?,Non of them,,
Non of them,,,
,,,I'm not Muslim sir
,,I'm not Muslim sir,"Wow Nice Super,
Wallah
Mashallah ğŸ˜"
,I'm not Muslim sir,"Wow Nice Super,
Wallah
Mashallah ğŸ˜",Hi
I'm not Muslim sir,"Wow Nice Super,
Wallah
Mashallah ğŸ˜",Hi,"I see evil people have posted malicious executables like apks and exes here in the past.
A comprehensive guide to securing your telegram groups from undesirable elements.
You may find that guide useful to protect your groups from cyber threats and general spam.
Although, the spam part looks pretty covered.
This group looks like a good little group, clean and well maintained."
"Wow Nice Super,
Wallah
Mashallah ğŸ˜",Hi,"I see evil people have posted malicious executables like apks and exes here in the past.
A comprehensive guide to securing your telegram groups from undesirable elements.
You may find that guide useful to protect your groups from cyber threats and general spam.
Although, the spam part looks pretty covered.
This group looks like a good little group, clean and well maintained.","Hi
Good morning"
,,Good morning,How are u
,Good morning,How are u,Doing great....
Good morning,How are u,Doing great....,Good
How are u,Doing great....,Good,Thank you for your kind words amigo
Doing great....,Good,Thank you for your kind words amigo,Welcome
,,,Roshan refused to lead!
,,,hey
,,hey,Heyy
,hey,Heyy,Hello dear
,,Hey,Hi
,,,What happened
,,What happened,Nothing ğŸ˜ğŸ™‚
,Hey,Hi,Hi
Hey,Hi,Hi,Hi
Hi,Hi,Hi,From
Hi,Hi,From,Iran
Hi,From,Iran,Oku
,,Hi,Hi rose
,Hi,Hi rose,"You are Indian, I suspect?"
,,How are you doing,I'm fine thanks
,,,No
,,No,Hi
,,,Savage
,,Savage,"Yes, you !"
,Savage,"Yes, you !",U more
Savage,"Yes, you !",U more,The white one was you !!
"Yes, you !",U more,The white one was you !!,What white???
U more,The white one was you !!,What white???,White ğŸ¤ Cat Who's beating that black cat (me)
,,,Hello guys how are u all ğŸ‘€ğŸ¤”
,,Hello guys how are u all ğŸ‘€ğŸ¤”,u listen to powfu?
,,,Nope
,,Nope,hum cool ig
,,,wow
,,,â˜¹ï¸
,,â˜¹ï¸,Oh thanks
,,,a wonderful day
,,a wonderful day,Hey
,,,"Is there anyone here for a partner to speak and write English. If there is anyone, please send a message"
,,"Is there anyone here for a partner to speak and write English. If there is anyone, please send a message",Hey
,,,Hello nuwa
,,Hi,Hy
,Hi,Hy,Hi
Hi,Hy,Hi,From India?
Hy,Hi,From India?,Yes
Hi,From India?,Yes,Your name?
,,Hey,How are you
,Hey,How are you,I am good wau dear ?
,,,You are from
,,You are from,I am from srilanka
,,,and you
,,and you,"Is there anyone here for a partner to speak and write English. If there is anyone, please send a message"
,and you,"Is there anyone here for a partner to speak and write English. If there is anyone, please send a message","Hi boys, anyone he can tell me how can I found a girlfriend ğŸ˜‚ğŸ˜‚"
,,Hi,Hy howdy
,Hi,Hy howdy,Hey
Hi,Hy howdy,Hey,Whaz up thank you for the reply though
,,,Hey dear
,,Hey dear,Hey
,Hey dear,Hey,Hey how are you
Hey dear,Hey,Hey how are you,Good... u?
,,,Celebrity
,,Hi,Hey dear
,,"Is there anyone here for a partner to speak and write English. If there is anyone, please send a message",Hii
,,,How're you
,,How're you,Good
,How're you,Good,"Is it good 
where are you from"
How're you,Good,"Is it good 
where are you from",ğŸ‡ºğŸ‡¸
Good,"Is it good 
where are you from",ğŸ‡ºğŸ‡¸,I am happy
,,,You?
,,You?,where are you from dear ?
,You?,where are you from dear ?,ğŸ‡ºğŸ‡¸
,,,"I am good
Oh ok dear"
,,,Hy guys how are you
,,Hy guys how are you,"Good 
how are you"
,Hy guys how are you,"Good 
how are you",Doing great thanks for asking
,,,So whaz happening....
,,,I wish I could to buy a girl of my choice from Amazon.
,,I wish I could to buy a girl of my choice from Amazon.,Dude what are you saying.....
,I wish I could to buy a girl of my choice from Amazon.,Dude what are you saying.....,Bcoz @S_no_w_fl_a_ke is not replying to me
I wish I could to buy a girl of my choice from Amazon.,Dude what are you saying.....,Bcoz @S_no_w_fl_a_ke is not replying to me,
Dude what are you saying.....,Bcoz @S_no_w_fl_a_ke is not replying to me,,That's True ğŸ˜¢
,,,"Sad to hear this it's really difficult and hard to find friends but hy keep the hope my friend....
I am. Doing good thank you for asking
Don't be sad ğŸ˜” brother..."
,,,ğŸ‘€
,,ğŸ‘€,Hey
,,Hey,Hii
,Hey,Hii,"Whatâ€™s up, how is everyone ?"
,,Hello,Hey
,Hello,Hey,Where r from?
,,,Hru?
,,Hru?,Good
,,,Sri lanka and u
,,Sri lanka and u,Nice place for travel
,Sri lanka and u,Nice place for travel,Do you know about it
Sri lanka and u,Nice place for travel,Do you know about it,Well known dear
Nice place for travel,Do you know about it,Well known dear,Where are you from
Do you know about it,Well known dear,Where are you from,You r awesome
,,,"Nice
Yes"
,,Germany,Ok nice country
,Germany,Ok nice country,Thankyou â¤ï¸
,,,Nice to talk you
,,Nice to talk you,you too
,Nice to talk you,you too,What do u do for living
Nice to talk you,you too,What do u do for living,I am student yet
you too,What do u do for living,I am student yet,In which course
What do u do for living,I am student yet,In which course,A/l you know ?
I am student yet,In which course,A/l you know ?,Mean
In which course,A/l you know ?,Mean,Advance level
A/l you know ?,Mean,Advance level,Great ğŸ‘
Mean,Advance level,Great ğŸ‘,Very intelligent
Advance level,Great ğŸ‘,Very intelligent,Thankyou dear
Great ğŸ‘,Very intelligent,Thankyou dear,Where are you from???
Very intelligent,Thankyou dear,Where are you from???,Germany dear
Thankyou dear,Where are you from???,Germany dear,Nice to meet you
Where are you from???,Germany dear,Nice to meet you,Me too
,,,How old are you
,,Hello,Hello dear ariyan parbas
,Hello,Hello dear ariyan parbas,How are you??
Hello,Hello dear ariyan parbas,How are you??,Tell about u?
Hello dear ariyan parbas,How are you??,Tell about u?,What are you doing now ğŸ–¤??
How are you??,Tell about u?,What are you doing now ğŸ–¤??,Nothing dear just talking with you nice guys
,,,"Fine dear
Nice"
,,"Fine dear
Nice",Yeh
,,,what about you
,,what about you,I am scholar in English Literature
,what about you,I am scholar in English Literature,Really
,,,Hi Nobita nobi
,,Hi Nobita nobi,Love isn't life broo
,Hi Nobita nobi,Love isn't life broo,Sorry but your are wrong dear
Hi Nobita nobi,Love isn't life broo,Sorry but your are wrong dear,Can you prove love is life?
Love isn't life broo,Sorry but your are wrong dear,Can you prove love is life?,You are exist in this world because of love
Sorry but your are wrong dear,Can you prove love is life?,You are exist in this world because of love,I don't exist when I don't have money
Can you prove love is life?,You are exist in this world because of love,I don't exist when I don't have money,I would suggest u must read think and grow rich and the psychology of money
,,,ğŸ¥º
,,ğŸ¥º,Hii
,ğŸ¥º,Hii,Hey
,,,Kolkata
,,Kolkata,G 20 hosting country
,,,Nice
,,Nice,Not kolkata
,Nice,Not kolkata,Ok in Delhi
Nice,Not kolkata,Ok in Delhi,No other country
,,,Sure dear
,,Sure dear,Okh let's see
,,,It's your mindset problem
,,It's your mindset problem,U don't know the power of money. When you're knowing the power of money then you'll say love isn't life. Thanks for saying love isn't life
,It's your mindset problem,U don't know the power of money. When you're knowing the power of money then you'll say love isn't life. Thanks for saying love isn't life,I well know about money dear
It's your mindset problem,U don't know the power of money. When you're knowing the power of money then you'll say love isn't life. Thanks for saying love isn't life,I well know about money dear,You don't know dear I'm 100% sure
,,,Because I belong to a small former family
,Hi,Hi,Hello how are u?
,,,Strapon
,,Strapon,Hey
,,â˜¹ï¸,Why ?
,â˜¹ï¸,Why ?,Idk I feel bad
â˜¹ï¸,Why ?,Idk I feel bad,Why? ğŸ˜•
Why ?,Idk I feel bad,Why? ğŸ˜•,I don't know
Idk I feel bad,Why? ğŸ˜•,I don't know,Ok dear
,,,She didn't even ask me how I was.
,,She didn't even ask me how I was.,Hello
,,,Who's he?
,,Who's he?,Khamenei's state tv's censorship. He's a mullah.
,Who's he?,Khamenei's state tv's censorship. He's a mullah.,Hitler of middle east*
Who's he?,Khamenei's state tv's censorship. He's a mullah.,Hitler of middle east*,Bruh Hitler cared for his own people
Khamenei's state tv's censorship. He's a mullah.,Hitler of middle east*,Bruh Hitler cared for his own people,Yea and this mf cares about his people too!!
Hitler of middle east*,Bruh Hitler cared for his own people,Yea and this mf cares about his people too!!,"I wouldn't say Khameh cares about ""Iranian ppl"""
Bruh Hitler cared for his own people,Yea and this mf cares about his people too!!,"I wouldn't say Khameh cares about ""Iranian ppl""",Iranians arent his peopleâ€¦ he is not iranian himself!!!
Yea and this mf cares about his people too!!,"I wouldn't say Khameh cares about ""Iranian ppl""",Iranians arent his peopleâ€¦ he is not iranian himself!!!,Still they are worlds apart
"I wouldn't say Khameh cares about ""Iranian ppl""",Iranians arent his peopleâ€¦ he is not iranian himself!!!,Still they are worlds apart,"Not really he is taking care of his people by using iran and iranian people, so yea, he is a blood leaching hitler who is sucking our blood"
Iranians arent his peopleâ€¦ he is not iranian himself!!!,Still they are worlds apart,"Not really he is taking care of his people by using iran and iranian people, so yea, he is a blood leaching hitler who is sucking our blood",At least Hitler wasn't a fucking hypocrite
Still they are worlds apart,"Not really he is taking care of his people by using iran and iranian people, so yea, he is a blood leaching hitler who is sucking our blood",At least Hitler wasn't a fucking hypocrite,"You know what they say, try to be better than your idolâ€¦
Khame started as a hitler fan and went beyond"
"Not really he is taking care of his people by using iran and iranian people, so yea, he is a blood leaching hitler who is sucking our blood",At least Hitler wasn't a fucking hypocrite,"You know what they say, try to be better than your idolâ€¦
Khame started as a hitler fan and went beyond","Truth of the matter is Khameh doesn't even care about the Arzeshis, their interests overlap that's why they get to benefit too"
At least Hitler wasn't a fucking hypocrite,"You know what they say, try to be better than your idolâ€¦
Khame started as a hitler fan and went beyond","Truth of the matter is Khameh doesn't even care about the Arzeshis, their interests overlap that's why they get to benefit too",Mhmm
,,,â˜¹ï¸ğŸ¤¢
,,,Actually a murderer
,,Actually a murderer,Is this your baby in your profile Photos/videos ???
,Actually a murderer,Is this your baby in your profile Photos/videos ???,Yes
,,,Ah he looks like an omar
,,Ah he looks like an omar,do you know thi
,,,Why you sending gifs of a troll?
,,Why you sending gifs of a troll?,ğŸ¤£ğŸ¤£ğŸ¤£
,,,Game is starting...
,,Game is starting...,Nut
,Game is starting...,Nut,Top
Game is starting...,Nut,Top,Put
Nut,Top,Put,Tic
Top,Put,Tic,Cat
Put,Tic,Cat,Text
,,,Texi
,,Texi,Texi is not in my list of words.
,,,Taxi
,,,Link
,,Link,Link does not start with I.
,,,Inkpot
,,Inkpot,Teapot
,Inkpot,Teapot,Tictac
Inkpot,Teapot,Tictac,Cartoon
,,,Nextpath
,,Nextpath,Nextpath is not in my list of words.
,,,Networl
,,,"troll?
or tatlaoo"
,,"troll?
or tatlaoo",Tataloo is a troll ğŸ§Œ
,"troll?
or tatlaoo",Tataloo is a troll ğŸ§Œ,
,,,How is your health
,,How is your health,I'm fine thanks
,How is your health,I'm fine thanks,Hi
How is your health,I'm fine thanks,Hi,Hi
I'm fine thanks,Hi,Hi,Hru
Hi,Hi,Hru,Fine n u?
Hi,Hru,Fine n u?,Great
Hru,Fine n u?,Great,Where are you from
Fine n u?,Great,Where are you from,India u
Great,Where are you from,India u,"Iran
How old are you?"
Where are you from,India u,"Iran
How old are you?",21 u
India u,"Iran
How old are you?",21 u,"19 
What do you do ?"
"Iran
How old are you?",21 u,"19 
What do you do ?",Phonetics learner
21 u,"19 
What do you do ?",Phonetics learner,"OkğŸ‘€
Then what's up 
How's life"
"19 
What do you do ?",Phonetics learner,"OkğŸ‘€
Then what's up 
How's life","Great urs
What's your major at University"
Phonetics learner,"OkğŸ‘€
Then what's up 
How's life","Great urs
What's your major at University","I don't go uni 
Me2"
"OkğŸ‘€
Then what's up 
How's life","Great urs
What's your major at University","I don't go uni 
Me2",U r Kurd right?
"Great urs
What's your major at University","I don't go uni 
Me2",U r Kurd right?,Yup
"I don't go uni 
Me2",U r Kurd right?,Yup,Which city?
U r Kurd right?,Yup,Which city?,Bojnourd
Yup,Which city?,Bojnourd,Originally correct?
Which city?,Bojnourd,Originally correct?,"Yes 
But what do you mean"
Bojnourd,Originally correct?,"Yes 
But what do you mean",Never heard of Kurds in Bejnord
Originally correct?,"Yes 
But what do you mean",Never heard of Kurds in Bejnord,"I got it
 we're kurmanjs here"
"Yes 
But what do you mean",Never heard of Kurds in Bejnord,"I got it
 we're kurmanjs here","Right
Thanks for telling"
,,,"not a good music 
I'd say a music suited for that sad story"
,,,i wouldn't watch it
,,i wouldn't watch it,I see
,,,Hello Everyone ğŸ™‹ğŸ»â€â™‚ï¸
,,,Why can't you type Farsi?
,,Why can't you type Farsi?,Wtf?
,Why can't you type Farsi?,Wtf?,where are you from
Why can't you type Farsi?,Wtf?,where are you from,Iran
Wtf?,where are you from,Iran,how old are you
where are you from,Iran,how old are you,20sth
Iran,how old are you,20sth,"happy m
Where is the group?"
how old are you,20sth,"happy m
Where is the group?",Wut?
20sth,"happy m
Where is the group?",Wut?,Only you and I are Iranians
"happy m
Where is the group?",Wut?,Only you and I are Iranians,So?
Wut?,Only you and I are Iranians,So?,All people that are here are iranian.
Only you and I are Iranians,So?,All people that are here are iranian.,So?
So?,All people that are here are iranian.,So?,So what?
All people that are here are iranian.,So?,So what?,"Thats what im asking
Why are you guys talking about who is iranian and who isnt? Whats the point?"
,,,"Everyone is busy
Good bye all ğŸ‘‹ğŸ»"
,,"Everyone is busy
Good bye all ğŸ‘‹ğŸ»",ğŸ˜‚ğŸ˜‚
,"Everyone is busy
Good bye all ğŸ‘‹ğŸ»",ğŸ˜‚ğŸ˜‚,Was that funny? ğŸ™‚
,,,omid
,,,"What are you watching these days, have you started a new one?"
,,"What are you watching these days, have you started a new one?",Hi
,,,Boredd
,,,"not a new one 
an old one which its s2 is comin 
jobless reincarnation
the one on my pfp is Oshi no ko 
it's a good one"
,,"not a new one 
an old one which its s2 is comin 
jobless reincarnation
the one on my pfp is Oshi no ko 
it's a good one",Is it a long one? i mean like more than 100 episodes or sth?ğŸ˜‚
,"not a new one 
an old one which its s2 is comin 
jobless reincarnation
the one on my pfp is Oshi no ko 
it's a good one",Is it a long one? i mean like more than 100 episodes or sth?ğŸ˜‚,12 ğŸ¥¸
"not a new one 
an old one which its s2 is comin 
jobless reincarnation
the one on my pfp is Oshi no ko 
it's a good one",Is it a long one? i mean like more than 100 episodes or sth?ğŸ˜‚,12 ğŸ¥¸,So it's really a good oneğŸ˜‚ğŸ˜‚ğŸ˜‚
Is it a long one? i mean like more than 100 episodes or sth?ğŸ˜‚,12 ğŸ¥¸,So it's really a good oneğŸ˜‚ğŸ˜‚ğŸ˜‚,"bit of advice 
watch it in the most quality available
i watched it 4k"
12 ğŸ¥¸,So it's really a good oneğŸ˜‚ğŸ˜‚ğŸ˜‚,"bit of advice 
watch it in the most quality available
i watched it 4k",What's the story about
So it's really a good oneğŸ˜‚ğŸ˜‚ğŸ˜‚,"bit of advice 
watch it in the most quality available
i watched it 4k",What's the story about,"bout actors, idols, umm geniuses"
"bit of advice 
watch it in the most quality available
i watched it 4k",What's the story about,"bout actors, idols, umm geniuses",Sorry What was it's name?
What's the story about,"bout actors, idols, umm geniuses",Sorry What was it's name?,oshi no ko
"bout actors, idols, umm geniuses",Sorry What was it's name?,oshi no ko,"Ok, thank you"
Sorry What was it's name?,oshi no ko,"Ok, thank you",Hi
oshi no ko,"Ok, thank you",Hi,Hey
,,,np
,,np,
,,,Hey guys
,,Hey guys,Goodnigt
,,,No one talks to me ğŸ¥º
,,No one talks to me ğŸ¥º,Hey bro
,,,OK?
,,OK?,Bruh i got no clue what r u talking about !!!
,,,"Hello guys
Roolah"
,,"Hello guys
Roolah",ğŸ‘¨â€ğŸ¦¯â˜•ï¸
,"Hello guys
Roolah",ğŸ‘¨â€ğŸ¦¯â˜•ï¸,"Yes
I can't understand u"
"Hello guys
Roolah",ğŸ‘¨â€ğŸ¦¯â˜•ï¸,"Yes
I can't understand u",hi
ğŸ‘¨â€ğŸ¦¯â˜•ï¸,"Yes
I can't understand u",hi,Hi
"Yes
I can't understand u",hi,Hi,how r u bro
hi,Hi,how r u bro,Some ban him be khoda
Hi,how r u bro,Some ban him be khoda,a wonderful day
how r u bro,Some ban him be khoda,a wonderful day,That why I was surprised
Some ban him be khoda,a wonderful day,That why I was surprised,"Hi
Hru
Fine"
a wonderful day,That why I was surprised,"Hi
Hru
Fine",Hello
That why I was surprised,"Hi
Hru
Fine",Hello,Hi everyone
"Hi
Hru
Fine",Hello,Hi everyone,"For Indian girl
Best group
Gorakhpurgirlsgroup"
Hello,Hi everyone,"For Indian girl
Best group
Gorakhpurgirlsgroup",the one you mentioned
,Hi,Hi,Hi
Hi,Hi,Hi,Hru
Hi,Hi,Hru,Good
,,Hey,good morningğŸ¤ âš˜
,,Hi,Hey
,,,hi every one
,,hi every one,"Whoever wants true happiness, let him hold on to the rope of God
God, Lord of the Worlds, said: And whoever turns away from My remembrance will have a distressed living and will be gathered together on the Day of Resurrection. Am I blind? He said, â€œMy Lord, when You gathered me blind while I had seen.â€ He said, â€œThus did Our verses come to you, but you forgot them, and thus will you forget today.â€"
,,Hello,how are you ?
,Hello,how are you ?,"Doing good, you?"
Hello,how are you ?,"Doing good, you?",I am doing well you from ?
,,Hi,Hey ğŸ™ƒ
,Hi,Hey ğŸ™ƒ,Hi
,,,Chipss ğŸ¤¤
,,Chipss ğŸ¤¤,"Yes
Do you want?"
,Chipss ğŸ¤¤,"Yes
Do you want?","This is also a question to be asked, I need it."
Chipss ğŸ¤¤,"Yes
Do you want?","This is also a question to be asked, I need it.","Ok 
Eat ğŸ˜‚"
,,You?,So nice
,,Hi,"Hi
Where there are two melina melina xDğŸ˜‚"
,Hi,"Hi
Where there are two melina melina xDğŸ˜‚","Helllooo
Hiii
How are you
Anyone here?"
,,,Hey cameğŸŒ
,,Hey cameğŸŒ,Hy
,,,ğŸ˜± omg
,,ğŸ˜± omg,Hii
,ğŸ˜± omg,Hii,Anyone here ?
ğŸ˜± omg,Hii,Anyone here ?,Game is starting...
Hii,Anyone here ?,Game is starting...,Dog
Anyone here ?,Game is starting...,Dog,Dot
Game is starting...,Dog,Dot,Tax
Dog,Dot,Tax,X-mas
,,,Xolo
,,Xolo,Xolo is not in my list of words.
,,,Xbox
,,Xbox,Xbox is not in my list of words.
,,,XXL
,,XXL,Huu
,XXL,Huu,Hi
,,Hi,Cool...where are you from
,,,Gws for me
,,Gws for me,Hi
,,,I am new here
,,I am new here,Hi
,,How are you,"Am good thanks
How about you"
,How are you,"Am good thanks
How about you",Great
,,,What's your name
,,What's your name,Shan
,,,Yours
,,Yours,"Hafiz
Where are you from"
,Yours,"Hafiz
Where are you from",TÃ¼rk
Yours,"Hafiz
Where are you from",TÃ¼rk,Yes
"Hafiz
Where are you from",TÃ¼rk,Yes,"Hello 
How are you guys?"
TÃ¼rk,Yes,"Hello 
How are you guys?",Hi
,,,"I'm good
How about you?"
,,"I'm good
How about you?",Ok ğŸ˜Š
,,,"ğŸ˜…
Could tell me what your name is?"
,,"ğŸ˜…
Could tell me what your name is?",ğŸ«¤
,"ğŸ˜…
Could tell me what your name is?",ğŸ«¤,"Hey there Ğ’Ğ¸Ğ¾Ğ»ĞµÑ‚Ñ‚Ğ°, and welcome to English chatting! How are you?"
